{"stats":{"minecraft:custom":{"minecraft:jump":19,"minecraft:time_since_rest":12109,"minecraft:sprint_one_cm":5248,"minecraft:play_time":12109,"minecraft:time_since_death":12109,"minecraft:walk_one_cm":3884,"minecraft:total_world_time":12109,"minecraft:mob_kills":1,"minecraft:fly_one_cm":59747},"minecraft:used":{"trials:waxed_copper_trapdoor_oxidized":1,"alexsmobs:animal_dictionary":1,"trials:trial_spawner":1,"minecraft:painting":5,"trials:trial_vault":1,"minecraft:grass_block":16},"minecraft:picked_up":{"minecraft:iron_ingot":8,"minecraft:emerald":4,"minecraft:golden_apple":1,"trials:ominous_bottle":1,"minecraft:golden_carrot":3}},"DataVersion":3465}