{"stats":{"minecraft:custom":{"minecraft:time_since_rest":12176,"minecraft:sprint_one_cm":53913,"minecraft:walk_one_cm":88433,"minecraft:damage_taken":1115,"minecraft:damage_absorbed":616,"minecraft:mob_kills":21,"minecraft:drop":7,"minecraft:damage_dealt":3459,"minecraft:talked_to_villager":2,"minecraft:swim_one_cm":66,"minecraft:fly_one_cm":178206,"minecraft:crouch_one_cm":105,"minecraft:play_time":60048,"minecraft:deaths":1,"minecraft:sneak_time":205,"minecraft:walk_under_water_one_cm":8438,"minecraft:damage_dealt_resisted":2,"minecraft:sleep_in_bed":1,"minecraft:jump":101,"minecraft:leave_game":1,"minecraft:walk_on_water_one_cm":1317,"minecraft:time_since_death":40326,"minecraft:damage_resisted":294,"minecraft:total_world_time":60048,"minecraft:fall_one_cm":478},"minecraft:mined":{"minecraft:packed_ice":3},"minecraft:used":{"minecraft:creeper_spawn_egg":2,"alexsmobs:spawn_egg_komodo_dragon":1,"minecraft:trident":11,"minecraft:packed_ice":3,"trials:trial_vault":1,"endermanoverhaul:cave_enderman_spawn_egg":1,"minecraft:grass_block":16,"endermanoverhaul:windswept_hills_enderman_spawn_egg":1,"minecraft:ender_pearl":1,"endermanoverhaul:ice_spikes_enderman_spawn_egg":1,"minecraft:stone":235,"minecraft:piglin_brute_spawn_egg":1,"minecraft:diamond_axe":3,"trials:copper_door":2,"minecraft:oak_door":2,"minecraft:orange_bed":2,"minecraft:torch":4,"minecraft:diamond_sword":42,"minecraft:golden_carrot":2,"minecraft:crossbow":1,"minecraft:lingering_potion":12,"endermanoverhaul:dark_oak_enderman_spawn_egg":1,"trials:waxed_copper_trapdoor_oxidized":1,"mca:female_villager_spawn_egg":1,"minecraft:glass_pane":40,"alexsmobs:animal_dictionary":1,"trials:trial_spawner":1,"minecraft:painting":5,"minecraft:enchanted_golden_apple":5},"minecraft:picked_up":{"minecraft:raw_iron":2,"minecraft:golden_carrot":6,"minecraft:packed_ice":3,"minecraft:diamond_sword":2,"minecraft:gunpowder":4,"minecraft:spider_eye":2,"minecraft:string":1,"minecraft:diamond_chestplate":2,"minecraft:bone":5,"minecraft:arrow":4,"minecraft:rotten_flesh":10,"minecraft:gold_nugget":1,"minecraft:diamond_leggings":1,"minecraft:diamond_boots":1,"minecraft:diamond_helmet":2,"minecraft:iron_ingot":8,"endermanoverhaul:ice_spikes_enderman_spawn_egg":1,"minecraft:enchanted_golden_apple":61,"trials:ominous_bottle":1,"minecraft:golden_apple":2,"minecraft:emerald":4,"minecraft:ender_pearl":1},"minecraft:dropped":{"minecraft:diamond_chestplate":2,"minecraft:diamond_leggings":1,"minecraft:diamond_helmet":2,"minecraft:gold_nugget":1,"minecraft:diamond_boots":1},"minecraft:killed":{"minecraft:skeleton":3,"minecraft:zombie":7,"minecraft:zombified_piglin":1,"minecraft:spider":2,"alexsmobs:komodo_dragon":1,"minecraft:creeper":2},"minecraft:killed_by":{"endermanoverhaul:windswept_hills_enderman":1}},"DataVersion":3465}