{"stats":{"minecraft:custom":{"minecraft:mob_kills":35,"minecraft:damage_dealt_resisted":2,"minecraft:damage_resisted":294,"minecraft:leave_game":2,"minecraft:sleep_in_bed":1,"minecraft:time_since_death":79966,"minecraft:time_since_rest":51816,"minecraft:sprint_one_cm":61262,"minecraft:walk_one_cm":104668,"minecraft:damage_taken":1115,"minecraft:damage_absorbed":616,"minecraft:drop":7,"minecraft:damage_dealt":6182,"minecraft:swim_one_cm":5525,"minecraft:talked_to_villager":2,"minecraft:fly_one_cm":494951,"minecraft:open_chest":4,"minecraft:crouch_one_cm":105,"minecraft:play_time":99688,"minecraft:deaths":1,"minecraft:sneak_time":378,"minecraft:walk_under_water_one_cm":13027,"minecraft:jump":152,"minecraft:walk_on_water_one_cm":2253,"minecraft:total_world_time":99688,"minecraft:fall_one_cm":478,"minecraft:inspect_dispenser":1},"minecraft:mined":{"minecraft:packed_ice":3},"minecraft:used":{"minecraft:trident":11,"minecraft:netherite_sword":23,"trials:mace":16,"endermanoverhaul:cave_enderman_spawn_egg":1,"endermanoverhaul:windswept_hills_enderman_spawn_egg":1,"minecraft:ender_pearl":1,"minecraft:stone":235,"minecraft:diamond_axe":3,"minecraft:oak_door":2,"minecraft:orange_bed":2,"minecraft:torch":4,"endermanoverhaul:dark_oak_enderman_spawn_egg":1,"mca:female_villager_spawn_egg":1,"minecraft:crossbow":3,"trials:trial_spawner":1,"minecraft:lingering_potion":12,"minecraft:painting":5,"alexsmobs:spawn_egg_hammerhead_shark":1,"minecraft:creeper_spawn_egg":2,"alexsmobs:spawn_egg_komodo_dragon":1,"minecraft:wooden_axe":3,"minecraft:packed_ice":3,"trials:trial_vault":1,"minecraft:grass_block":16,"endermanoverhaul:ice_spikes_enderman_spawn_egg":1,"minecraft:piglin_brute_spawn_egg":1,"trials:copper_door":2,"minecraft:diamond_sword":42,"minecraft:golden_carrot":2,"trials:waxed_copper_trapdoor_oxidized":1,"minecraft:egg":12,"minecraft:glass_pane":40,"alexsmobs:animal_dictionary":2,"minecraft:enchanted_golden_apple":5,"minecraft:splash_potion":11},"minecraft:picked_up":{"minecraft:golden_carrot":6,"minecraft:packed_ice":3,"minecraft:diamond_sword":2,"minecraft:gunpowder":4,"minecraft:string":3,"minecraft:bone":7,"minecraft:diamond_leggings":1,"minecraft:gold_nugget":1,"minecraft:iron_ingot":8,"minecraft:diamond_helmet":2,"trials:ominous_bottle":1,"endermanoverhaul:ice_spikes_enderman_spawn_egg":1,"minecraft:enchanted_golden_apple":61,"minecraft:raw_iron":2,"minecraft:spider_eye":4,"minecraft:rotten_flesh":15,"minecraft:arrow":5,"minecraft:diamond_chestplate":2,"minecraft:diamond_boots":1,"minecraft:golden_apple":2,"minecraft:emerald":4,"minecraft:ender_pearl":1},"minecraft:dropped":{"minecraft:diamond_leggings":1,"minecraft:diamond_chestplate":2,"minecraft:diamond_helmet":2,"minecraft:gold_nugget":1,"minecraft:diamond_boots":1},"minecraft:killed":{"minecraft:zombified_piglin":1,"minecraft:spider":5,"minecraft:creeper":2,"minecraft:skeleton":5,"minecraft:zombie":15,"alexsmobs:komodo_dragon":1,"minecraft:enderman":1},"minecraft:killed_by":{"endermanoverhaul:windswept_hills_enderman":1}},"DataVersion":3465}