{"stats":{"minecraft:custom":{"minecraft:time_since_rest":4362,"minecraft:sprint_one_cm":23733,"minecraft:walk_one_cm":50289,"minecraft:damage_taken":755,"minecraft:damage_absorbed":616,"minecraft:mob_kills":18,"minecraft:damage_dealt":2954,"minecraft:swim_one_cm":66,"minecraft:fly_one_cm":138419,"minecraft:play_time":24048,"minecraft:deaths":1,"minecraft:sneak_time":99,"minecraft:walk_under_water_one_cm":8102,"minecraft:jump":62,"minecraft:leave_game":1,"minecraft:walk_on_water_one_cm":1045,"minecraft:time_since_death":4326,"minecraft:damage_resisted":294,"minecraft:total_world_time":24048,"minecraft:fall_one_cm":478},"minecraft:mined":{"minecraft:packed_ice":3},"minecraft:used":{"alexsmobs:spawn_egg_komodo_dragon":1,"minecraft:packed_ice":3,"trials:trial_vault":1,"endermanoverhaul:cave_enderman_spawn_egg":1,"minecraft:grass_block":16,"endermanoverhaul:windswept_hills_enderman_spawn_egg":1,"minecraft:ender_pearl":1,"endermanoverhaul:ice_spikes_enderman_spawn_egg":1,"minecraft:stone":112,"minecraft:diamond_axe":3,"minecraft:diamond_sword":42,"endermanoverhaul:dark_oak_enderman_spawn_egg":1,"trials:waxed_copper_trapdoor_oxidized":1,"minecraft:glass_pane":40,"alexsmobs:animal_dictionary":1,"trials:trial_spawner":1,"minecraft:painting":5,"minecraft:enchanted_golden_apple":5},"minecraft:picked_up":{"minecraft:raw_iron":2,"minecraft:golden_carrot":6,"minecraft:packed_ice":3,"minecraft:diamond_sword":2,"minecraft:gunpowder":2,"minecraft:spider_eye":2,"minecraft:string":1,"minecraft:bone":5,"minecraft:arrow":4,"minecraft:rotten_flesh":9,"minecraft:iron_ingot":8,"endermanoverhaul:ice_spikes_enderman_spawn_egg":1,"minecraft:enchanted_golden_apple":61,"trials:ominous_bottle":1,"minecraft:golden_apple":2,"minecraft:emerald":4,"minecraft:ender_pearl":1},"minecraft:killed":{"minecraft:skeleton":3,"minecraft:zombie":7,"minecraft:spider":2,"minecraft:creeper":1},"minecraft:killed_by":{"endermanoverhaul:windswept_hills_enderman":1}},"DataVersion":3465}