{"stats":{"minecraft:dropped":{"minecraft:diamond_leggings":2,"minecraft:diamond_chestplate":1,"minecraft:diamond_helmet":3,"minecraft:diamond_boots":1},"minecraft:used":{"minecraft:trident":231,"endermanoverhaul:soulsand_valley_enderman_spawn_egg":2,"endermanoverhaul:crimson_forest_enderman_spawn_egg":3,"endermanoverhaul:cave_enderman_spawn_egg":2,"minecraft:chorus_fruit":1,"endermanoverhaul:warped_forest_enderman_spawn_egg":1,"endermanoverhaul:windswept_hills_enderman_spawn_egg":1,"endermanoverhaul:crimson_pearl":2,"minecraft:bamboo_door":1,"endermanoverhaul:flower_fields_enderman_spawn_egg":1,"endermanoverhaul:ancient_pearl":1,"endermanoverhaul:spirit_spawn_egg":2,"endermanoverhaul:nether_wastes_enderman_spawn_egg":1,"minecraft:dirt":6,"endermanoverhaul:savanna_enderman_spawn_egg":1,"endermanoverhaul:dark_oak_enderman_spawn_egg":4,"endermanoverhaul:mushroom_fields_enderman_spawn_egg":1,"endermanoverhaul:snowy_enderman_spawn_egg":1,"endermanoverhaul:icy_pearl":1,"endermanoverhaul:swamp_enderman_spawn_egg":1,"endermanoverhaul:coral_enderman_spawn_egg":1,"endermanoverhaul:bubble_pearl":1,"endermanoverhaul:badlands_enderman_spawn_egg":2,"endermanoverhaul:scarab_spawn_egg":1,"minecraft:grass_block":2,"endermanoverhaul:desert_enderman_spawn_egg":2,"endermanoverhaul:ice_spikes_enderman_spawn_egg":1,"endermanoverhaul:end_enderman_spawn_egg":2,"endermanoverhaul:end_islands_enderman_spawn_egg":2,"minecraft:golden_carrot":16,"endermanoverhaul:corrupted_pearl":16,"minecraft:yellow_bed":2,"alexsmobs:animal_dictionary":1,"endermanoverhaul:summoner_pearl":2,"minecraft:enchanted_golden_apple":3},"minecraft:killed":{"endermanoverhaul:flower_fields_enderman":1,"endermanoverhaul:mushroom_fields_enderman":1,"endermanoverhaul:snowy_enderman":1,"endermanoverhaul:swamp_enderman":1,"endermanoverhaul:dark_oak_enderman":4,"endermanoverhaul:warped_forest_enderman":1,"endermanoverhaul:nether_wastes_enderman":1,"endermanoverhaul:end_enderman":2,"endermanoverhaul:windswept_hills_enderman":1,"endermanoverhaul:savanna_enderman":1,"endermanoverhaul:end_islands_enderman":2,"endermanoverhaul:crimson_forest_enderman":3,"endermanoverhaul:scarab":7,"endermanoverhaul:spirit":8,"minecraft:skeleton":6,"endermanoverhaul:desert_enderman":2,"minecraft:zombie":20,"endermanoverhaul:cave_enderman":1,"endermanoverhaul:ice_spikes_enderman":1,"minecraft:chicken":1,"endermanoverhaul:soulsand_valley_enderman":2,"endermanoverhaul:pet_enderman":1,"endermanoverhaul:badlands_enderman":2},"minecraft:custom":{"minecraft:mob_kills":76,"minecraft:leave_game":2,"minecraft:time_since_death":33263,"minecraft:sleep_in_bed":2,"minecraft:damage_resisted":366,"minecraft:time_since_rest":6727,"minecraft:sprint_one_cm":55478,"minecraft:walk_one_cm":111867,"minecraft:damage_taken":2249,"minecraft:damage_absorbed":479,"minecraft:drop":7,"minecraft:damage_dealt":17684,"minecraft:fly_one_cm":76613,"minecraft:open_chest":3,"minecraft:play_time":33263,"minecraft:jump":229,"minecraft:total_world_time":33263,"minecraft:fall_one_cm":3630},"minecraft:picked_up":{"minecraft:leather_chestplate":1,"minecraft:packed_ice":1,"minecraft:potato":3,"minecraft:crimson_fungus":8,"minecraft:dirt":10,"endermanoverhaul:summoner_pearl":1,"minecraft:bone":11,"minecraft:apple":5,"minecraft:diamond_leggings":2,"minecraft:iron_ingot":1,"minecraft:diamond_helmet":3,"endermanoverhaul:ancient_pearl":2,"minecraft:book":1,"minecraft:raw_iron":3,"minecraft:warped_fungus":1,"minecraft:acacia_log":3,"minecraft:arrow":4,"minecraft:diamond_chestplate":1,"minecraft:rotten_flesh":23,"endermanoverhaul:crimson_pearl":3,"minecraft:diamond_boots":1,"minecraft:emerald":1,"minecraft:bread":3,"minecraft:oak_sapling":1,"minecraft:chorus_fruit":1,"minecraft:coal":1,"minecraft:ender_pearl":8}},"DataVersion":3465}