{"stats":{"minecraft:killed":{"minecraft:vex":1},"minecraft:used":{"alexsmobs:spawn_egg_komodo_dragon":2,"minecraft:creeper_spawn_egg":2,"darkbread:gold_bread":1,"alexsmobs:rocky_chestplate":2,"minecraft:bamboo_raft":1,"minecraft:firework_rocket":1,"minecraft:armor_stand":4,"minecraft:zombie_spawn_egg":5,"darkbread:pog_bread":1,"alexsmobs:void_worm_effigy":3,"alexsmobs:spawn_egg_bald_eagle":2,"minecraft:evoker_spawn_egg":3,"alexsmobs:spawn_egg_rhinoceros":2,"alexsmobs:spawn_egg_gelada_monkey":3,"minecraft:bamboo_chest_raft":1,"minecraft:carrot":2,"minecraft:crossbow":2,"alexsmobs:animal_dictionary":8,"minecraft:snowball":21,"alexsmobs:fish_oil":2,"minecraft:enchanted_golden_apple":5,"alexsmobs:spawn_egg_kangaroo":2,"minecraft:splash_potion":22},"minecraft:mined":{"alexsmobs:triops_eggs":2,"minecraft:tall_grass":2},"minecraft:picked_up":{"minecraft:gunpowder":4,"alexsmobs:animal_dictionary":1,"alexsmobs:kangaroo_hide":2,"minecraft:rotten_flesh":4,"alexsmobs:triops_eggs":2,"minecraft:wheat_seeds":1,"minecraft:totem_of_undying":1,"alexsmobs:kangaroo_meat":1},"minecraft:custom":{"minecraft:time_since_rest":61376,"minecraft:walk_one_cm":95328,"minecraft:sprint_one_cm":117757,"minecraft:damage_taken":492,"minecraft:damage_absorbed":176,"minecraft:mob_kills":11,"minecraft:drop":1,"minecraft:damage_dealt":219,"minecraft:swim_one_cm":7109,"minecraft:fly_one_cm":772282,"minecraft:open_barrel":1,"minecraft:open_chest":19,"minecraft:crouch_one_cm":151,"minecraft:play_time":61376,"minecraft:walk_under_water_one_cm":21739,"minecraft:sneak_time":856,"minecraft:boat_one_cm":3144,"minecraft:jump":255,"minecraft:leave_game":3,"minecraft:walk_on_water_one_cm":3470,"minecraft:time_since_death":61376,"minecraft:total_world_time":61376,"minecraft:damage_resisted":82,"minecraft:fall_one_cm":2421},"minecraft:dropped":{"alexsmobs:animal_dictionary":1}},"DataVersion":3465}