{"stats":{"minecraft:used":{"dungeons_gear:stormlander":136,"born_in_chaos_v1:senor_pumpkin_spawn_egg":1,"dungeons_gear:nameless_blade":34,"born_in_chaos_v1:seared_spirit_spawn_egg":1,"born_in_chaos_v1:siamese_skeletons_spawn_egg":2,"born_in_chaos_v1:intoxicating_decoction":1,"born_in_chaos_v1:fried_maggot":2,"born_in_chaos_v1:pumpkin_spirit_spawn_egg":1,"dungeons_gear:opulent_boots":1,"dungeons_gear:cursed_axe":2,"dungeons_gear:bone_cudgel":22,"dungeons_gear:venom_glaive":17,"born_in_chaos_v1:soul_cutlass":6,"born_in_chaos_v1:restless_spirit_spawn_egg":1,"dungeons_gear:opulent_leggings":1,"born_in_chaos_v1:supreme_measure":67,"born_in_chaos_v1:corpse_maggot":3,"born_in_chaos_v1:soulbane":39,"dungeons_gear:opulent_chestplate":1,"born_in_chaos_v1:fallen_chaos_knight_spawn_egg":1,"alexsmobs:spawn_egg_grizzly_bear":1,"born_in_chaos_v1:dire_hound_leader_spawn_egg":1,"born_in_chaos_v1:spawn_structures_dark_tower":1,"born_in_chaos_v1:bonescaller_spawn_egg":1,"born_in_chaos_v1:door_knight_spawn_egg":1,"dungeons_gear:butterfly_crossbow":8,"dungeons_gear:auto_crossbow":6,"born_in_chaos_v1:skeleton_demoman_spawn_egg":1,"dungeons_gear:mauler":8,"dungeons_mobs:jungle_zombie_spawn_egg":5,"dungeons_gear:battlestaff_of_terror":204,"born_in_chaos_v1:lord_pumpkinheads_lamp":1,"born_in_chaos_v1:zombie_lumberjack_spawn_egg":1,"dungeons_gear:whirlwind":57,"born_in_chaos_v1:barrel_zombie_spawn_egg":2,"dungeons_gear:dancers_sword":95,"dungeons_gear:growing_staff":57,"born_in_chaos_v1:scarlet_persecutor_spawn_egg":1,"dungeons_gear:great_axeblade":75,"born_in_chaos_v1:decaying_zombie_spawn_egg":1,"born_in_chaos_v1:diamond_termite_spawn_egg":1,"dungeons_gear:encrusted_anchor":21,"born_in_chaos_v1:mr_pumpkin_spawn_egg":1,"minecraft:golden_apple":64,"dungeons_gear:whispering_spear":65,"born_in_chaos_v1:sir_pumpkinhead_spawn_egg":1,"born_in_chaos_v1:zombie_bruiser_spawn_egg":1,"born_in_chaos_v1:supreme_bonescaller_spawn_egg":2,"dungeons_gear:opulent_helmet":1,"dungeons_gear:hammer_of_gravity":47,"born_in_chaos_v1:lord_pumpkinhead_spawn_egg":1,"born_in_chaos_v1:decrepit_skeleton_spawn_egg":1,"dungeons_gear:broadsword":276,"born_in_chaos_v1:skeleton_thrasher_spawn_egg":1,"minecraft:diamond_pickaxe":3,"dungeons_gear:lightning_harp_crossbow":14,"born_in_chaos_v1:monster_flesh":1,"born_in_chaos_v1:nightmare_stalker_spawn_egg":1,"born_in_chaos_v1:baby_skeleton_spawn_egg":2,"dungeons_gear:hawkbrand":59,"born_in_chaos_v1:marigolds":1,"dungeons_gear:wind_bow":8,"born_in_chaos_v1:firelight_spawn_egg":1,"born_in_chaos_v1:mesh_door":1,"dungeons_gear:nightmares_bite":21,"born_in_chaos_v1:river_mint":1,"dungeons_gear:harp_crossbow":3,"dungeons_gear:freezing_foil":51,"born_in_chaos_v1:bone_imp_spawn_egg":1,"alexsmobs:animal_dictionary":1,"born_in_chaos_v1:missioner_spawn_egg":1,"dungeons_gear:masters_katana":77},"minecraft:killed_by":{"minecraft:stray":1,"alexsmobs:crocodile":1,"born_in_chaos_v1:scarlet_persecutor":1,"born_in_chaos_v1:lords_felsteed":1},"minecraft:dropped":{"minecraft:iron_ingot":1,"born_in_chaos_v1:missioner_spawn_egg":1,"minecraft:diamond_leggings":1,"minecraft:honeycomb":27,"minecraft:golden_apple":64,"born_in_chaos_v1:nightmare_stalker_spawn_egg":1,"minecraft:diamond_helmet":1,"dungeons_gear:golem_kit":1,"minecraft:chainmail_leggings":1,"dungeons_gear:opulent_leggings":1,"minecraft:salmon":4,"born_in_chaos_v1:seedof_chaos":2,"minecraft:diamond_chestplate":1,"dungeons_gear:soul_lantern":1,"minecraft:diamond_boots":2,"minecraft:arrow":6,"born_in_chaos_v1:supreme_measure":1},"minecraft:mined":{"minecraft:spawner":3,"minecraft:dead_bush":2,"minecraft:grass":1,"minecraft:sand":1},"minecraft:custom":{"minecraft:mob_kills":515,"minecraft:open_barrel":4,"minecraft:damage_dealt_resisted":86349,"minecraft:leave_game":4,"minecraft:time_since_death":2833,"minecraft:climb_one_cm":136,"minecraft:sprint_one_cm":356689,"minecraft:walk_one_cm":543453,"minecraft:drop":47,"minecraft:play_time":143096,"minecraft:deaths":5,"minecraft:sneak_time":731,"minecraft:walk_under_water_one_cm":3661,"minecraft:jump":1805,"minecraft:walk_on_water_one_cm":2528,"minecraft:total_world_time":143096,"minecraft:time_since_rest":2884,"minecraft:damage_taken":8334,"minecraft:damage_absorbed":2234,"minecraft:damage_dealt":109509,"minecraft:swim_one_cm":3850,"minecraft:fly_one_cm":741330,"minecraft:open_chest":13,"minecraft:crouch_one_cm":2147,"minecraft:fall_one_cm":21377},"minecraft:picked_up":{"minecraft:charcoal":2,"born_in_chaos_v1:diamond_termite_shard":1,"minecraft:clay_ball":2,"minecraft:prismarine_shard":2,"born_in_chaos_v1:seedof_chaos":9,"minecraft:chain":1,"born_in_chaos_v1:holiday_candy":60,"minecraft:string":20,"born_in_chaos_v1:mesh_door":1,"born_in_chaos_v1:intoxicating_decoction":8,"dungeons_gear:opulent_chestplate":1,"dungeons_gear:corrupted_beacon":1,"dungeons_gear:stormlander":1,"minecraft:diamond_leggings":1,"dungeons_gear:whispering_spear":1,"born_in_chaos_v1:gnawed_bones":3,"minecraft:azalea":1,"dungeons_gear:golem_kit":1,"minecraft:mangrove_log":10,"born_in_chaos_v1:soulbane":1,"minecraft:tipped_arrow":6,"minecraft:stick":5,"born_in_chaos_v1:shattered_skull":8,"born_in_chaos_v1:senor_pumpkin_spawn_egg":1,"born_in_chaos_v1:phantom_powder":2,"born_in_chaos_v1:flaming_evil_pumpkin":1,"born_in_chaos_v1:pileof_dark_metal":1,"born_in_chaos_v1:nightmare_claw":1,"born_in_chaos_v1:pieceofdarkmetal":29,"minecraft:carrot":6,"born_in_chaos_v1:charmof_endurance":2,"minecraft:prismarine_crystals":2,"minecraft:rotten_flesh":307,"minecraft:arrow":30,"minecraft:diamond_chestplate":1,"born_in_chaos_v1:magical_holiday_candy":27,"born_in_chaos_v1:lord_pumpkinheads_lamp":1,"minecraft:tropical_fish":1,"born_in_chaos_v1:wood_splitter_axe":1,"minecraft:hay_block":1,"minecraft:diamond_boots":2,"minecraft:carved_pumpkin":1,"dungeons_gear:updraft_tome":1,"dungeons_gear:masters_katana":1,"born_in_chaos_v1:fused_bone":10,"minecraft:birch_log":4,"born_in_chaos_v1:corpse_maggot":112,"minecraft:golden_carrot":1,"minecraft:feather":1,"born_in_chaos_v1:monster_flesh":25,"born_in_chaos_v1:pumpkin_staff":2,"minecraft:salmon":2,"minecraft:jungle_log":11,"minecraft:leather":3,"minecraft:potato":1,"minecraft:oak_log":9,"minecraft:golden_boots":1,"minecraft:gunpowder":25,"dungeons_gear:ember_robes_helmet":1,"dungeons_gear:great_axeblade":1,"minecraft:lapis_lazuli":2,"born_in_chaos_v1:pumpkin_pistol":1,"born_in_chaos_v1:monster_skin":17,"born_in_chaos_v1:marigolds":14,"minecraft:bone":147,"born_in_chaos_v1:soul_cutlass":2,"minecraft:kelp":3,"minecraft:bow":1,"minecraft:iron_ingot":18,"minecraft:diamond_helmet":1,"born_in_chaos_v1:lord_pumpkinhead_spawn_egg":1,"minecraft:honeycomb":6,"born_in_chaos_v1:sir_pumpkinhead_spawn_egg":1,"born_in_chaos_v1:death_totem":1,"dungeons_gear:ember_robes_leggings":1,"born_in_chaos_v1:orbofthe_summoner":4,"born_in_chaos_v1:ethereal_spirit":38,"minecraft:dandelion":1,"minecraft:sand":86,"dungeons_gear:broadsword":1,"dungeons_gear:opulent_leggings":2,"born_in_chaos_v1:fangofthe_hound_leader":1,"dungeons_gear:soul_lantern":1,"minecraft:spruce_log":4,"born_in_chaos_v1:missioner_spawn_egg":1,"minecraft:dark_oak_log":5,"minecraft:spider_eye":9,"dungeons_gear:opulent_helmet":1,"dungeons_gear:ember_robes_boots":1,"born_in_chaos_v1:supreme_measure":2,"dungeons_gear:ice_wand":1,"dungeons_gear:ember_robes_chestplate":1,"minecraft:sugar":2,"minecraft:slime_ball":5,"born_in_chaos_v1:fire_dust":6,"minecraft:chainmail_leggings":1,"alexsmobs:tarantula_hawk_wing_fragment":4,"born_in_chaos_v1:mr_pumpkin_spawn_egg":1,"minecraft:golden_apple":165,"born_in_chaos_v1:rotten_fish":1,"born_in_chaos_v1:nightmare_stalker_spawn_egg":1,"dungeons_gear:opulent_boots":1,"minecraft:coal":2,"minecraft:ender_pearl":1,"minecraft:diamond_pickaxe":1},"minecraft:killed":{"born_in_chaos_v1:zombie_clown":4,"born_in_chaos_v1:lords_felsteed":1,"born_in_chaos_v1:mr_pumpkin":3,"born_in_chaos_v1:missioner":1,"minecraft:witch":2,"alexsmobs:tarantula_hawk":2,"born_in_chaos_v1:zombie_lumberjack":13,"born_in_chaos_v1:restless_spirit":8,"born_in_chaos_v1:seared_spirit":1,"born_in_chaos_v1:skeleton_demoman":1,"born_in_chaos_v1:sir_the_headless":1,"born_in_chaos_v1:sir_pumpkinhead_without_horse":1,"minecraft:spider":11,"born_in_chaos_v1:lord_pumpkinhead_head":1,"born_in_chaos_v1:lord_the_headless":1,"born_in_chaos_v1:skeleton_thrasher_not_despawn":1,"born_in_chaos_v1:siamese_skeletonsright":4,"born_in_chaos_v1:zombie_bruiser":12,"born_in_chaos_v1:firelight":1,"born_in_chaos_v1:baby_skeleton_minion":24,"born_in_chaos_v1:maggot":54,"born_in_chaos_v1:scarlet_persecutor":13,"born_in_chaos_v1:pumpkinhead":1,"minecraft:horse":5,"minecraft:skeleton":22,"born_in_chaos_v1:skeleton_thrasher":1,"born_in_chaos_v1:lord_pumpkinhead":1,"minecraft:drowned":1,"born_in_chaos_v1:supreme_bonescaller_stage_2":4,"born_in_chaos_v1:sir_pumpkinhead":1,"born_in_chaos_v1:spirit_guide":3,"born_in_chaos_v1:fallen_chaos_knight":3,"born_in_chaos_v1:felsteed":1,"minecraft:husk":43,"alexsmobs:guster":2,"born_in_chaos_v1:bonescaller":4,"born_in_chaos_v1:supreme_bonescaller":3,"born_in_chaos_v1:bone_imp_minion":19,"minecraft:zombie_villager":2,"born_in_chaos_v1:baby_skeleton":7,"born_in_chaos_v1:riding_lords_felsteed":1,"born_in_chaos_v1:swarmer":8,"born_in_chaos_v1:spirit_guide_assistant":8,"dungeons_mobs:wraith":5,"born_in_chaos_v1:senor_pumpkin":3,"minecraft:creeper":13,"dungeons_mobs:jungle_zombie":5,"born_in_chaos_v1:decrepit_skeleton":29,"born_in_chaos_v1:phantom_creeper_copy":1,"born_in_chaos_v1:bloody_gadfly":3,"born_in_chaos_v1:zombie_fisherman":2,"born_in_chaos_v1:decaying_zombie":2,"minecraft:zombie":26,"born_in_chaos_v1:dread_hound":20,"born_in_chaos_v1:lord_pumpkinhead_withouta_horse":1,"born_in_chaos_v1:corpse_fly":50,"minecraft:stray":5,"born_in_chaos_v1:bonescaller_not_despawn":2,"born_in_chaos_v1:dark_vortex":1,"alexsmobs:roadrunner":1,"dungeons_mobs:necromancer":1,"born_in_chaos_v1:door_knight":8,"born_in_chaos_v1:siamese_skeletonsleft":4,"minecraft:enderman":1}},"DataVersion":3120}