{"stats":{"minecraft:killed":{"born_in_chaos_v1:zombie_clown":3,"born_in_chaos_v1:missioner":1,"minecraft:witch":2,"born_in_chaos_v1:zombie_lumberjack":2,"born_in_chaos_v1:restless_spirit":4,"born_in_chaos_v1:seared_spirit":1,"minecraft:spider":5,"born_in_chaos_v1:skeleton_thrasher_not_despawn":1,"born_in_chaos_v1:siamese_skeletonsright":2,"born_in_chaos_v1:zombie_bruiser":5,"born_in_chaos_v1:baby_skeleton_minion":17,"born_in_chaos_v1:firelight":1,"born_in_chaos_v1:maggot":25,"born_in_chaos_v1:scarlet_persecutor":5,"minecraft:skeleton":12,"born_in_chaos_v1:skeleton_thrasher":1,"minecraft:drowned":1,"born_in_chaos_v1:supreme_bonescaller_stage_2":3,"born_in_chaos_v1:spirit_guide":2,"minecraft:husk":23,"alexsmobs:guster":1,"born_in_chaos_v1:bonescaller":3,"born_in_chaos_v1:supreme_bonescaller":2,"born_in_chaos_v1:bone_imp_minion":15,"minecraft:zombie_villager":2,"born_in_chaos_v1:baby_skeleton":3,"born_in_chaos_v1:swarmer":6,"born_in_chaos_v1:spirit_guide_assistant":4,"dungeons_mobs:wraith":3,"minecraft:creeper":4,"dungeons_mobs:jungle_zombie":5,"born_in_chaos_v1:decrepit_skeleton":12,"born_in_chaos_v1:phantom_creeper_copy":1,"born_in_chaos_v1:bloody_gadfly":3,"born_in_chaos_v1:zombie_fisherman":2,"minecraft:zombie":9,"born_in_chaos_v1:dread_hound":15,"born_in_chaos_v1:corpse_fly":31,"minecraft:stray":5,"born_in_chaos_v1:bonescaller_not_despawn":2,"born_in_chaos_v1:dark_vortex":1,"alexsmobs:roadrunner":1,"born_in_chaos_v1:door_knight":5,"born_in_chaos_v1:siamese_skeletonsleft":2,"minecraft:enderman":1},"minecraft:picked_up":{"minecraft:charcoal":2,"born_in_chaos_v1:diamond_termite_shard":1,"minecraft:clay_ball":2,"minecraft:prismarine_shard":2,"born_in_chaos_v1:seedof_chaos":8,"minecraft:chain":1,"minecraft:string":10,"born_in_chaos_v1:mesh_door":1,"born_in_chaos_v1:intoxicating_decoction":7,"dungeons_gear:stormlander":1,"minecraft:diamond_leggings":1,"born_in_chaos_v1:gnawed_bones":2,"minecraft:azalea":1,"dungeons_gear:golem_kit":1,"minecraft:mangrove_log":2,"minecraft:tipped_arrow":6,"minecraft:stick":5,"born_in_chaos_v1:shattered_skull":5,"born_in_chaos_v1:phantom_powder":2,"born_in_chaos_v1:flaming_evil_pumpkin":1,"born_in_chaos_v1:pileof_dark_metal":1,"born_in_chaos_v1:nightmare_claw":1,"born_in_chaos_v1:pieceofdarkmetal":8,"minecraft:carrot":1,"born_in_chaos_v1:charmof_endurance":2,"minecraft:prismarine_crystals":2,"minecraft:diamond_chestplate":1,"minecraft:rotten_flesh":128,"minecraft:arrow":18,"minecraft:tropical_fish":1,"minecraft:hay_block":1,"minecraft:diamond_boots":2,"minecraft:carved_pumpkin":1,"dungeons_gear:masters_katana":1,"born_in_chaos_v1:fused_bone":4,"born_in_chaos_v1:corpse_maggot":55,"minecraft:feather":1,"born_in_chaos_v1:monster_flesh":17,"minecraft:salmon":2,"minecraft:jungle_log":1,"minecraft:potato":1,"minecraft:oak_log":4,"minecraft:golden_boots":1,"minecraft:gunpowder":4,"dungeons_gear:ember_robes_helmet":1,"minecraft:lapis_lazuli":2,"born_in_chaos_v1:monster_skin":9,"born_in_chaos_v1:marigolds":4,"minecraft:bone":70,"minecraft:kelp":3,"minecraft:bow":1,"minecraft:iron_ingot":8,"minecraft:diamond_helmet":1,"minecraft:honeycomb":6,"dungeons_gear:ember_robes_leggings":1,"born_in_chaos_v1:orbofthe_summoner":3,"born_in_chaos_v1:ethereal_spirit":19,"minecraft:dandelion":1,"minecraft:sand":22,"born_in_chaos_v1:fangofthe_hound_leader":1,"dungeons_gear:soul_lantern":1,"born_in_chaos_v1:missioner_spawn_egg":1,"minecraft:spider_eye":5,"dungeons_gear:ember_robes_boots":1,"dungeons_gear:ember_robes_chestplate":1,"minecraft:sugar":2,"minecraft:slime_ball":3,"born_in_chaos_v1:fire_dust":6,"minecraft:chainmail_leggings":1,"minecraft:golden_apple":126,"born_in_chaos_v1:rotten_fish":1,"born_in_chaos_v1:nightmare_stalker_spawn_egg":1,"minecraft:coal":2,"minecraft:diamond_pickaxe":1,"minecraft:ender_pearl":1},"minecraft:used":{"dungeons_gear:stormlander":136,"born_in_chaos_v1:seared_spirit_spawn_egg":1,"born_in_chaos_v1:siamese_skeletons_spawn_egg":2,"born_in_chaos_v1:pumpkin_spirit_spawn_egg":1,"dungeons_gear:cursed_axe":2,"dungeons_gear:bone_cudgel":22,"dungeons_gear:venom_glaive":17,"born_in_chaos_v1:restless_spirit_spawn_egg":1,"born_in_chaos_v1:supreme_measure":53,"born_in_chaos_v1:corpse_maggot":2,"born_in_chaos_v1:fallen_chaos_knight_spawn_egg":1,"alexsmobs:spawn_egg_grizzly_bear":1,"born_in_chaos_v1:dire_hound_leader_spawn_egg":1,"born_in_chaos_v1:spawn_structures_dark_tower":1,"born_in_chaos_v1:bonescaller_spawn_egg":1,"born_in_chaos_v1:door_knight_spawn_egg":1,"dungeons_gear:butterfly_crossbow":8,"born_in_chaos_v1:skeleton_demoman_spawn_egg":1,"dungeons_gear:auto_crossbow":6,"dungeons_gear:mauler":8,"dungeons_mobs:jungle_zombie_spawn_egg":5,"dungeons_gear:battlestaff_of_terror":204,"born_in_chaos_v1:zombie_lumberjack_spawn_egg":1,"born_in_chaos_v1:barrel_zombie_spawn_egg":2,"dungeons_gear:whirlwind":57,"dungeons_gear:growing_staff":57,"born_in_chaos_v1:scarlet_persecutor_spawn_egg":1,"dungeons_gear:great_axeblade":25,"born_in_chaos_v1:decaying_zombie_spawn_egg":1,"born_in_chaos_v1:diamond_termite_spawn_egg":1,"dungeons_gear:encrusted_anchor":21,"minecraft:golden_apple":30,"born_in_chaos_v1:zombie_bruiser_spawn_egg":1,"born_in_chaos_v1:supreme_bonescaller_spawn_egg":2,"dungeons_gear:hammer_of_gravity":47,"born_in_chaos_v1:decrepit_skeleton_spawn_egg":1,"born_in_chaos_v1:skeleton_thrasher_spawn_egg":1,"minecraft:diamond_pickaxe":3,"dungeons_gear:lightning_harp_crossbow":14,"born_in_chaos_v1:monster_flesh":1,"born_in_chaos_v1:nightmare_stalker_spawn_egg":1,"born_in_chaos_v1:baby_skeleton_spawn_egg":2,"born_in_chaos_v1:marigolds":1,"dungeons_gear:wind_bow":8,"born_in_chaos_v1:firelight_spawn_egg":1,"born_in_chaos_v1:mesh_door":1,"dungeons_gear:nightmares_bite":21,"born_in_chaos_v1:river_mint":1,"dungeons_gear:harp_crossbow":3,"dungeons_gear:freezing_foil":51,"born_in_chaos_v1:bone_imp_spawn_egg":1,"alexsmobs:animal_dictionary":1,"born_in_chaos_v1:missioner_spawn_egg":1,"dungeons_gear:masters_katana":77},"minecraft:dropped":{"minecraft:iron_ingot":1,"born_in_chaos_v1:missioner_spawn_egg":1,"minecraft:diamond_leggings":1,"minecraft:honeycomb":27,"minecraft:golden_apple":64,"born_in_chaos_v1:nightmare_stalker_spawn_egg":1,"minecraft:diamond_helmet":1,"dungeons_gear:golem_kit":1,"minecraft:chainmail_leggings":1,"minecraft:salmon":4,"born_in_chaos_v1:seedof_chaos":2,"minecraft:diamond_chestplate":1,"dungeons_gear:soul_lantern":1,"minecraft:diamond_boots":2,"minecraft:arrow":6},"minecraft:mined":{"minecraft:spawner":3,"minecraft:sand":1},"minecraft:custom":{"minecraft:mob_kills":282,"minecraft:open_barrel":4,"minecraft:damage_dealt_resisted":61885,"minecraft:leave_game":3,"minecraft:time_since_death":1474,"minecraft:climb_one_cm":136,"minecraft:sprint_one_cm":184048,"minecraft:walk_one_cm":337180,"minecraft:drop":45,"minecraft:play_time":98954,"minecraft:deaths":2,"minecraft:sneak_time":661,"minecraft:walk_under_water_one_cm":3661,"minecraft:jump":1120,"minecraft:walk_on_water_one_cm":2528,"minecraft:total_world_time":98954,"minecraft:time_since_rest":1585,"minecraft:damage_taken":3742,"minecraft:damage_absorbed":1025,"minecraft:damage_dealt":47026,"minecraft:swim_one_cm":3850,"minecraft:fly_one_cm":545176,"minecraft:open_chest":13,"minecraft:crouch_one_cm":1832,"minecraft:fall_one_cm":10191},"minecraft:killed_by":{"minecraft:stray":1,"alexsmobs:crocodile":1}},"DataVersion":3120}