{"stats":{"minecraft:killed":{"minecraft:pig":3,"creeperoverhaul:spruce_creeper":1,"alexsmobs:raccoon":1,"minecraft:spider":4,"minecraft:creeper":6,"creeperoverhaul:snowy_creeper":6,"minecraft:sheep":2,"minecraft:skeleton":8,"minecraft:pillager":1,"minecraft:zombie":33,"alexsmobs:crocodile":3,"alexsmobs:toucan":1,"minecraft:chicken":1,"alexsmobs:capuchin_monkey":6,"mca:male_villager":4,"creeperoverhaul:jungle_creeper":4,"creeperoverhaul:cave_creeper":1,"minecraft:drowned":1,"alexsmobs:crow":2,"mca:female_villager":3,"minecraft:enderman":1,"minecraft:cow":3},"minecraft:used":{"creeperoverhaul:jungle_creeper_spawn_egg":5,"creeperoverhaul:dark_oak_creeper_spawn_egg":1,"minecraft:trident":71,"alexsmobs:banana_peel":7,"minecraft:netherite_sword":7,"creeperoverhaul:cave_creeper_spawn_egg":2,"minecraft:ladder":12,"alexsmobs:spawn_egg_toucan":9,"minecraft:stone":5,"minecraft:zombie_spawn_egg":7,"creeperoverhaul:desert_creeper_spawn_egg":1,"minecraft:fletching_table":2,"creeperoverhaul:bamboo_creeper_spawn_egg":4,"alexsmobs:spawn_egg_capuchin_monkey":10,"minecraft:dirt":5,"minecraft:magenta_bed":3,"alexsmobs:spawn_egg_crocodile":6,"mca:female_villager_spawn_egg":12,"creeperoverhaul:hills_creeper_spawn_egg":2,"minecraft:diamond_helmet":1,"minecraft:lingering_potion":148,"alexsmobs:leafcutter_ant_pupa":2,"minecraft:azure_bluet":1,"alexsmobs:spawn_egg_kangaroo":1,"minecraft:milk_bucket":1,"creeperoverhaul:spruce_creeper_spawn_egg":2,"minecraft:jungle_sapling":20,"minecraft:bamboo_raft":1,"minecraft:cornflower":1,"alexsmobs:spawn_egg_gorilla":1,"minecraft:pig_spawn_egg":1,"alexsmobs:crocodile_egg":1,"minecraft:netherite_axe":8,"alexsmobs:moose_headgear":4,"minecraft:golden_sword":2,"minecraft:pink_bed":2,"creeperoverhaul:beach_creeper_spawn_egg":1,"minecraft:diamond_sword":191,"alexsmobs:banana":8,"minecraft:yellow_bed":3,"alexsmobs:leafcutter_ant_chamber":2,"minecraft:diamond_leggings":1,"minecraft:bone_meal":24,"minecraft:enchanted_golden_apple":19,"minecraft:mangrove_boat":7},"minecraft:picked_up":{"minecraft:nautilus_shell":1,"minecraft:iron_chestplate":1,"minecraft:wheat":1,"minecraft:feather":4,"minecraft:chicken":2,"minecraft:brown_wool":1,"minecraft:leather":6,"minecraft:lead":1,"mca:book_rose_gold":1,"alexsmobs:bison_fur":1,"minecraft:gunpowder":41,"minecraft:cornflower":3,"minecraft:dirt":42,"minecraft:string":22,"alexsmobs:ancient_dart":2,"minecraft:iron_leggings":2,"minecraft:mangrove_boat":6,"minecraft:bone":44,"minecraft:apple":6,"minecraft:bow":2,"minecraft:diamond_leggings":1,"mca:engagement_ring":1,"alexsmobs:banana":22,"minecraft:iron_ingot":10,"minecraft:beef":16,"minecraft:bamboo":4,"minecraft:enchanted_golden_apple":2,"minecraft:sugar_cane":3,"alexsmobs:banana_peel":33,"minecraft:iron_boots":2,"minecraft:pink_bed":1,"minecraft:tipped_arrow":2,"alexsmobs:moose_headgear":1,"minecraft:stone":8,"mca:engagement_ring_rg":1,"minecraft:porkchop":6,"alexsmobs:spawn_egg_crocodile":1,"minecraft:trident":1,"minecraft:carrot":2,"minecraft:spruce_log":4,"minecraft:spider_eye":6,"alexsmobs:crocodile_scute":4,"minecraft:diamond_chestplate":1,"minecraft:rotten_flesh":161,"minecraft:arrow":38,"minecraft:cactus":4,"minecraft:diamond_boots":1,"minecraft:iron_helmet":1,"minecraft:grass":1,"mca:book_family":1,"minecraft:mutton":3,"minecraft:snowball":52,"minecraft:white_wool":24,"minecraft:ender_pearl":2},"minecraft:killed_by":{"alexsmobs:crocodile":1},"minecraft:custom":{"minecraft:mob_kills":171,"minecraft:animals_bred":2,"minecraft:interact_with_cartography_table":1,"minecraft:open_barrel":1,"minecraft:interact_with_grindstone":2,"minecraft:leave_game":4,"minecraft:time_since_death":24182,"minecraft:sleep_in_bed":7,"minecraft:climb_one_cm":2059,"minecraft:damage_resisted":784,"minecraft:time_since_rest":24259,"minecraft:damage_absorbed":1752,"minecraft:sprint_one_cm":244243,"minecraft:damage_taken":2648,"minecraft:walk_one_cm":300757,"minecraft:drop":117,"minecraft:damage_dealt":18586,"minecraft:swim_one_cm":17118,"minecraft:talked_to_villager":17,"minecraft:fly_one_cm":3251535,"minecraft:deaths":1,"minecraft:open_chest":18,"minecraft:crouch_one_cm":2698,"minecraft:play_time":292961,"minecraft:sneak_time":3249,"minecraft:walk_under_water_one_cm":46709,"minecraft:boat_one_cm":38086,"minecraft:jump":1070,"minecraft:walk_on_water_one_cm":29364,"minecraft:total_world_time":292961,"minecraft:fall_one_cm":23277},"minecraft:mined":{"minecraft:tall_grass":2,"minecraft:sugar_cane":1,"alexsmobs:crocodile_egg":1,"minecraft:grass":4},"minecraft:dropped":{"minecraft:rotten_flesh":1,"minecraft:iron_helmet":2,"minecraft:iron_boots":1,"minecraft:enchanted_golden_apple":1,"alexsmobs:ancient_dart":1,"mca:engagement_ring":1,"minecraft:iron_chestplate":2,"minecraft:iron_leggings":3,"minecraft:jungle_sapling":1,"alexsmobs:banana":103,"alexsmobs:spawn_egg_bone_serpent":1}},"DataVersion":3465}