{"stats":{"minecraft:custom":{"minecraft:mob_kills":63,"minecraft:open_barrel":1,"minecraft:leave_game":5,"minecraft:time_since_death":1373,"minecraft:damage_resisted":277,"minecraft:time_since_rest":1397,"minecraft:damage_absorbed":496,"minecraft:damage_taken":1297,"minecraft:sprint_one_cm":183299,"minecraft:walk_one_cm":225015,"minecraft:drop":91,"minecraft:damage_dealt":777,"minecraft:swim_one_cm":8029,"minecraft:fly_one_cm":1908992,"minecraft:open_chest":23,"minecraft:crouch_one_cm":369,"minecraft:play_time":131082,"minecraft:deaths":1,"minecraft:sneak_time":1130,"minecraft:walk_under_water_one_cm":43320,"minecraft:boat_one_cm":3144,"minecraft:jump":586,"minecraft:walk_on_water_one_cm":7319,"minecraft:total_world_time":131082,"minecraft:fall_one_cm":3226},"minecraft:dropped":{"minecraft:porkchop":24,"minecraft:warped_fungus":2,"alexsmobs:animal_dictionary":1,"alexsmobs:banana":64},"minecraft:used":{"darkbread:gold_bread":1,"minecraft:zombie_horse_spawn_egg":1,"alexsmobs:spawn_egg_anteater":1,"alexsmobs:spawn_egg_warped_toad":2,"minecraft:armor_stand":4,"minecraft:redstone":2,"alexsmobs:spawn_egg_tiger":125,"minecraft:zombie_spawn_egg":12,"darkbread:pog_bread":1,"alexsmobs:spawn_egg_bald_eagle":2,"alexsmobs:spawn_egg_gelada_monkey":3,"minecraft:skeleton_spawn_egg":1,"minecraft:carrot":13,"minecraft:crossbow":2,"minecraft:lingering_potion":13,"alexsmobs:fish_oil":2,"minecraft:snowball":21,"alexsmobs:spawn_egg_kangaroo":3,"minecraft:creeper_spawn_egg":2,"alexsmobs:spawn_egg_komodo_dragon":2,"alexsmobs:rocky_chestplate":2,"minecraft:bamboo_raft":1,"alexsmobs:spawn_egg_murmur":1,"alexsmobs:spawn_egg_platypus":1,"alexsmobs:spawn_egg_rocky_roller":1,"minecraft:firework_rocket":1,"alexsmobs:spawn_egg_gorilla":4,"alexsmobs:void_worm_effigy":3,"minecraft:evoker_spawn_egg":3,"alexsmobs:spawn_egg_rhinoceros":2,"minecraft:warped_fungus":2,"minecraft:bamboo_chest_raft":1,"alexsmobs:banana":1,"alexsmobs:animal_dictionary":13,"minecraft:husk_spawn_egg":9,"minecraft:zombified_piglin_spawn_egg":1,"minecraft:enchanted_golden_apple":7,"minecraft:splash_potion":22},"minecraft:killed":{"minecraft:vex":1,"alexsmobs:warped_toad":1,"minecraft:skeleton":1},"minecraft:killed_by":{"minecraft:skeleton":1},"minecraft:mined":{"minecraft:tall_grass":2,"alexsmobs:triops_eggs":2},"minecraft:picked_up":{"minecraft:lingering_potion":1,"minecraft:clay_ball":20,"minecraft:gunpowder":4,"alexsmobs:rocky_shell":2,"minecraft:string":2,"alexsmobs:spawn_egg_warped_toad":1,"minecraft:bone":11,"alexsmobs:triops_eggs":2,"minecraft:wheat_seeds":1,"alexsmobs:banana":30,"minecraft:diamond_helmet":1,"minecraft:enchanted_golden_apple":1,"minecraft:warped_fungus":2,"minecraft:red_wool":2,"minecraft:porkchop":6,"minecraft:sand":1,"minecraft:pointed_dripstone":1,"minecraft:trident":1,"alexsmobs:animal_dictionary":2,"minecraft:zombie_spawn_egg":1,"minecraft:skeleton_spawn_egg":1,"alexsmobs:kangaroo_hide":3,"minecraft:arrow":8,"minecraft:diamond_chestplate":1,"minecraft:rotten_flesh":27,"minecraft:totem_of_undying":1,"alexsmobs:maggot":11,"alexsmobs:kangaroo_meat":3,"minecraft:ender_pearl":1}},"DataVersion":3465}