{"stats":{"minecraft:picked_up":{"minecraft:feather":2,"minecraft:chicken":1},"minecraft:custom":{"minecraft:jump":42,"minecraft:time_since_rest":12794,"minecraft:damage_dealt":30,"minecraft:leave_game":1,"minecraft:play_time":12794,"minecraft:sprint_one_cm":5768,"minecraft:time_since_death":12794,"minecraft:walk_one_cm":3183,"minecraft:sneak_time":418,"minecraft:total_world_time":12794,"minecraft:fly_one_cm":614556},"minecraft:used":{"biomesoplenty:tall_lavender":1,"minecraft:composter":1,"biomesoplenty:lavender":1}},"DataVersion":3465}