{"stats":{"minecraft:picked_up":{"minecraft:arrow":1,"minecraft:feather":2,"minecraft:chicken":1,"minecraft:bone":1},"minecraft:custom":{"minecraft:time_since_rest":28255,"minecraft:open_chest":2,"minecraft:sprint_one_cm":18206,"minecraft:play_time":28255,"minecraft:walk_one_cm":8390,"minecraft:sneak_time":466,"minecraft:walk_under_water_one_cm":2299,"minecraft:mob_kills":2,"minecraft:jump":153,"minecraft:damage_dealt":530,"minecraft:leave_game":3,"minecraft:walk_on_water_one_cm":434,"minecraft:time_since_death":28255,"minecraft:total_world_time":28255,"minecraft:swim_one_cm":2887,"minecraft:fly_one_cm":1142619},"minecraft:used":{"biomesoplenty:goldenrod":3,"biomesoplenty:sea_oats":7,"biomesoplenty:tall_lavender":1,"minecraft:netherite_axe":3,"biomesoplenty:orange_cosmos":1,"minecraft:composter":1,"biomesoplenty:lavender":1,"biomesoplenty:pink_hibiscus":2,"biomesoplenty:toadstool":1},"minecraft:killed":{"minecraft:skeleton":1,"minecraft:witch":1}},"DataVersion":3465}