{"stats":{"minecraft:picked_up":{"minecraft:mud":1,"minecraft:magma_block":2,"minecraft:basalt":46,"minecraft:golden_carrot":60,"minecraft:brown_mushroom":3,"minecraft:diamond_sword":1,"minecraft:gold_block":3,"minecraft:flint":1,"minecraft:shield":1,"minecraft:gunpowder":4,"minecraft:string":2,"minecraft:moss_carpet":1,"minecraft:bone":3,"minecraft:diamond_leggings":1,"minecraft:diamond_helmet":1,"minecraft:golden_helmet":1,"minecraft:quartz":4,"minecraft:gravel":5,"minecraft:polished_blackstone_bricks":16,"minecraft:golden_chestplate":1,"minecraft:spider_eye":1,"minecraft:sugar":2,"minecraft:rotten_flesh":8,"minecraft:arrow":3,"minecraft:diamond_boots":1,"minecraft:cracked_polished_blackstone_bricks":14,"minecraft:crossbow":1,"minecraft:mangrove_roots":2,"minecraft:netherrack":14,"minecraft:skeleton_skull":1,"minecraft:diamond_pickaxe":1},"minecraft:killed":{"minecraft:magma_cube":10,"minecraft:piglin":15,"minecraft:zombified_piglin":1,"minecraft:witch":1,"minecraft:spider":2,"alexsmobs:stradpole":2,"minecraft:creeper":2,"endermanoverhaul:savanna_enderman":1,"minecraft:skeleton":4,"minecraft:zombie":6,"minecraft:silverfish":9,"alexsmobs:straddler":2,"minecraft:piglin_brute":2,"minecraft:enderman":1},"minecraft:killed_by":{"minecraft:piglin":1},"minecraft:dropped":{"minecraft:water_bucket":1},"minecraft:custom":{"minecraft:inspect_dropper":10,"minecraft:mob_kills":58,"minecraft:inspect_hopper":2,"minecraft:tune_noteblock":2,"minecraft:open_barrel":5,"minecraft:fill_cauldron":6,"minecraft:leave_game":1,"minecraft:time_since_death":8316,"minecraft:sleep_in_bed":2,"minecraft:damage_resisted":165,"minecraft:climb_one_cm":496,"minecraft:time_since_rest":8359,"minecraft:sprint_one_cm":108652,"minecraft:walk_one_cm":135021,"minecraft:damage_taken":2495,"minecraft:damage_absorbed":201,"minecraft:damage_blocked_by_shield":1530,"minecraft:trigger_trapped_chest":2,"minecraft:drop":1,"minecraft:damage_dealt":9184,"minecraft:fly_one_cm":668029,"minecraft:open_chest":16,"minecraft:deaths":1,"minecraft:crouch_one_cm":1598,"minecraft:play_time":69305,"minecraft:sneak_time":2111,"minecraft:walk_under_water_one_cm":1468,"minecraft:interact_with_brewingstand":1,"minecraft:jump":488,"minecraft:walk_on_water_one_cm":3152,"minecraft:total_world_time":69305,"minecraft:use_cauldron":4,"minecraft:fall_one_cm":16914,"minecraft:inspect_dispenser":13},"minecraft:used":{"minecraft:water_bucket":9,"minecraft:diamond_boots":1,"minecraft:flint_and_steel":2,"minecraft:baked_potato":11,"minecraft:shield":14,"minecraft:brown_mushroom":1,"minecraft:netherrack":3,"minecraft:torch":23,"minecraft:golden_apple":1,"minecraft:diamond_helmet":1,"minecraft:obsidian":14,"minecraft:diamond_pickaxe":79,"minecraft:lava_bucket":2,"minecraft:gravel":3,"minecraft:diamond_chestplate":1,"minecraft:basalt":46,"minecraft:diamond_sword":154,"minecraft:fire_charge":1,"minecraft:golden_carrot":9,"minecraft:mangrove_roots":1,"minecraft:bucket":9,"minecraft:pumpkin_pie":8,"alexsmobs:animal_dictionary":1,"minecraft:enchanted_golden_apple":1,"minecraft:diamond_leggings":1},"minecraft:mined":{"minecraft:brown_mushroom":1,"minecraft:basalt":44,"minecraft:mangrove_roots":2,"minecraft:infested_cobblestone":7,"minecraft:cracked_polished_blackstone_bricks":7,"minecraft:nether_quartz_ore":2,"minecraft:wall_torch":1,"minecraft:skeleton_skull":1,"minecraft:polished_blackstone_bricks":12,"minecraft:magma_block":2,"minecraft:mud":1,"minecraft:fire":2,"minecraft:gold_block":2,"minecraft:vine":1,"minecraft:gravel":6,"minecraft:netherrack":8}},"DataVersion":3465}