{"stats":{"minecraft:picked_up":{"minecraft:mud":1,"minecraft:gravel":5,"minecraft:flint":1,"minecraft:spider_eye":1,"minecraft:moss_carpet":1,"minecraft:sugar":2,"minecraft:mangrove_roots":2,"minecraft:skeleton_skull":1},"minecraft:killed":{"minecraft:witch":1,"minecraft:silverfish":9},"minecraft:dropped":{"minecraft:water_bucket":1},"minecraft:custom":{"minecraft:time_since_rest":6636,"minecraft:inspect_dropper":10,"minecraft:sprint_one_cm":67899,"minecraft:damage_taken":500,"minecraft:walk_one_cm":68905,"minecraft:trigger_trapped_chest":2,"minecraft:mob_kills":10,"minecraft:drop":1,"minecraft:inspect_hopper":2,"minecraft:damage_dealt":1020,"minecraft:tune_noteblock":2,"minecraft:fly_one_cm":217520,"minecraft:open_barrel":5,"minecraft:open_chest":6,"minecraft:fill_cauldron":6,"minecraft:crouch_one_cm":89,"minecraft:play_time":29167,"minecraft:sneak_time":784,"minecraft:walk_under_water_one_cm":1468,"minecraft:jump":144,"minecraft:interact_with_brewingstand":1,"minecraft:walk_on_water_one_cm":1600,"minecraft:time_since_death":29167,"minecraft:sleep_in_bed":2,"minecraft:total_world_time":29167,"minecraft:climb_one_cm":324,"minecraft:fall_one_cm":4525,"minecraft:use_cauldron":4,"minecraft:inspect_dispenser":13},"minecraft:used":{"minecraft:water_bucket":5,"minecraft:lava_bucket":2,"minecraft:flint_and_steel":2,"minecraft:baked_potato":11,"minecraft:gravel":3,"minecraft:torch":23,"minecraft:diamond_sword":26,"minecraft:mangrove_roots":1,"minecraft:bucket":6,"alexsmobs:animal_dictionary":1},"minecraft:mined":{"minecraft:skeleton_skull":1,"minecraft:mud":1,"minecraft:mangrove_roots":2,"minecraft:infested_cobblestone":7,"minecraft:vine":1,"minecraft:gravel":6,"minecraft:wall_torch":1}},"DataVersion":3465}