{"stats":{"minecraft:killed":{"minecraft:evoker":1,"minecraft:vex":1,"minecraft:witch":1,"alexsmobs:raccoon":1,"minecraft:spider":4,"minecraft:vindicator":4,"creeperoverhaul:snowy_creeper":6,"minecraft:skeleton":8,"minecraft:chicken":1,"alexsmobs:capuchin_monkey":6,"creeperoverhaul:jungle_creeper":4,"minecraft:drowned":1,"creeperoverhaul:cave_creeper":1,"minecraft:pig":3,"creeperoverhaul:spruce_creeper":1,"minecraft:ravager":1,"minecraft:creeper":7,"minecraft:sheep":2,"minecraft:pillager":6,"alexsmobs:crocodile":3,"minecraft:zombie":37,"alexsmobs:toucan":1,"mca:male_villager":4,"alexsmobs:crow":2,"mca:female_villager":3,"minecraft:cow":3,"minecraft:enderman":1},"minecraft:picked_up":{"minecraft:iron_chestplate":1,"minecraft:wheat":1,"minecraft:allium":3,"minecraft:chicken":2,"minecraft:lead":1,"minecraft:diamond_sword":1,"mca:book_rose_gold":1,"minecraft:cornflower":3,"minecraft:string":22,"alexsmobs:ancient_dart":2,"minecraft:iron_leggings":2,"minecraft:blue_orchid":3,"minecraft:diamond_leggings":1,"mca:engagement_ring":1,"alexsmobs:banana":22,"minecraft:beef":16,"minecraft:poppy":2,"minecraft:enchanted_golden_apple":2,"minecraft:sugar_cane":3,"alexsmobs:banana_peel":33,"minecraft:iron_boots":2,"minecraft:tipped_arrow":3,"minecraft:stone":8,"minecraft:oak_fence":1,"minecraft:porkchop":6,"alexsmobs:spawn_egg_crocodile":1,"minecraft:trident":1,"minecraft:carrot":30,"alexsmobs:crocodile_scute":4,"minecraft:cactus":4,"minecraft:arrow":40,"minecraft:rotten_flesh":174,"minecraft:diamond_chestplate":1,"minecraft:beetroot_seeds":2,"minecraft:diamond_boots":1,"minecraft:saddle":1,"minecraft:totem_of_undying":2,"mca:book_family":1,"minecraft:mutton":3,"minecraft:snowball":52,"minecraft:white_wool":24,"minecraft:nautilus_shell":1,"minecraft:feather":4,"minecraft:leather":6,"minecraft:brown_wool":1,"minecraft:potato":30,"alexsmobs:bison_fur":1,"minecraft:gunpowder":43,"minecraft:dirt":42,"minecraft:white_banner":4,"minecraft:mangrove_boat":6,"minecraft:bone":46,"minecraft:apple":6,"minecraft:bow":2,"minecraft:wheat_seeds":10,"minecraft:iron_ingot":13,"minecraft:bamboo":4,"minecraft:pink_bed":1,"alexsmobs:moose_headgear":1,"mca:engagement_ring_rg":1,"minecraft:dandelion":1,"minecraft:spruce_log":4,"minecraft:spider_eye":6,"alexsmobs:raw_catfish":2,"minecraft:iron_helmet":1,"minecraft:grass":1,"minecraft:emerald":2,"minecraft:ender_pearl":2},"minecraft:used":{"creeperoverhaul:jungle_creeper_spawn_egg":5,"creeperoverhaul:dark_oak_creeper_spawn_egg":1,"minecraft:trident":71,"minecraft:netherite_sword":7,"alexsmobs:banana_peel":7,"minecraft:ladder":12,"minecraft:stone":5,"minecraft:zombie_spawn_egg":13,"minecraft:dirt":5,"alexsmobs:spawn_egg_warped_mosco":1,"creeperoverhaul:hills_creeper_spawn_egg":2,"minecraft:diamond_helmet":1,"minecraft:azure_bluet":1,"minecraft:milk_bucket":1,"minecraft:jungle_sapling":20,"minecraft:bamboo_raft":1,"alexsmobs:spawn_egg_gorilla":1,"minecraft:grass_block":1,"minecraft:golden_sword":2,"creeperoverhaul:beach_creeper_spawn_egg":1,"alexsmobs:banana":8,"minecraft:enchanted_golden_apple":25,"mca:staff_of_life":1,"minecraft:mangrove_boat":7,"creeperoverhaul:cave_creeper_spawn_egg":2,"alexsmobs:spawn_egg_toucan":9,"minecraft:iron_golem_spawn_egg":2,"creeperoverhaul:desert_creeper_spawn_egg":1,"minecraft:fletching_table":2,"creeperoverhaul:bamboo_creeper_spawn_egg":4,"alexsmobs:spawn_egg_capuchin_monkey":10,"alexsmobs:spawn_egg_crocodile":6,"minecraft:magenta_bed":3,"mca:female_villager_spawn_egg":12,"minecraft:lingering_potion":148,"alexsmobs:leafcutter_ant_pupa":2,"alexsmobs:spawn_egg_kangaroo":1,"creeperoverhaul:spruce_creeper_spawn_egg":2,"minecraft:cornflower":1,"minecraft:netherite_axe":62,"minecraft:pig_spawn_egg":1,"alexsmobs:crocodile_egg":1,"alexsmobs:moose_headgear":4,"minecraft:pink_bed":2,"minecraft:diamond_sword":191,"alexsmobs:spawn_egg_rhinoceros":29,"minecraft:yellow_bed":3,"alexsmobs:leafcutter_ant_chamber":2,"minecraft:bone_meal":24,"minecraft:diamond_leggings":1},"minecraft:killed_by":{"alexsmobs:crocodile":1},"minecraft:custom":{"minecraft:mob_kills":205,"minecraft:animals_bred":2,"minecraft:open_barrel":1,"minecraft:leave_game":4,"minecraft:time_since_death":48182,"minecraft:damage_resisted":1172,"minecraft:climb_one_cm":2059,"minecraft:sprint_one_cm":291233,"minecraft:walk_one_cm":361645,"minecraft:drop":117,"minecraft:talked_to_villager":17,"minecraft:raid_win":1,"minecraft:sneak_time":3276,"minecraft:play_time":316961,"minecraft:deaths":1,"minecraft:walk_under_water_one_cm":48111,"minecraft:boat_one_cm":38086,"minecraft:jump":1945,"minecraft:walk_on_water_one_cm":32731,"minecraft:total_world_time":316961,"minecraft:interact_with_cartography_table":1,"minecraft:raid_trigger":1,"minecraft:interact_with_grindstone":2,"minecraft:sleep_in_bed":7,"minecraft:time_since_rest":48259,"minecraft:damage_taken":3352,"minecraft:damage_absorbed":2701,"minecraft:damage_dealt":23509,"minecraft:swim_one_cm":17118,"minecraft:fly_one_cm":3421991,"minecraft:open_chest":18,"minecraft:crouch_one_cm":2698,"minecraft:fall_one_cm":32820},"minecraft:mined":{"alexsmobs:crocodile_egg":1,"minecraft:oak_fence":1,"minecraft:tall_grass":2,"minecraft:sugar_cane":1,"minecraft:grass":4},"minecraft:dropped":{"minecraft:iron_helmet":2,"minecraft:iron_leggings":3,"minecraft:jungle_sapling":1,"alexsmobs:spawn_egg_bone_serpent":1,"minecraft:rotten_flesh":1,"minecraft:enchanted_golden_apple":1,"minecraft:iron_boots":1,"alexsmobs:ancient_dart":1,"mca:engagement_ring":1,"minecraft:iron_chestplate":2,"alexsmobs:banana":103}},"DataVersion":3465}