{"stats":{"minecraft:picked_up":{"minecraft:tipped_arrow":1,"minecraft:stone":4,"minecraft:iron_chestplate":1,"minecraft:wheat":1,"minecraft:chicken":1,"minecraft:leather":3,"alexsmobs:bison_fur":1,"minecraft:porkchop":2,"minecraft:carrot":1,"minecraft:spruce_log":2,"minecraft:gunpowder":19,"minecraft:cornflower":3,"minecraft:cactus":2,"minecraft:dirt":21,"minecraft:spider_eye":3,"minecraft:string":7,"alexsmobs:ancient_dart":1,"minecraft:iron_leggings":1,"minecraft:bone":13,"minecraft:arrow":15,"minecraft:rotten_flesh":19,"alexsmobs:banana":22,"minecraft:iron_helmet":1,"minecraft:iron_ingot":1,"minecraft:beef":12,"minecraft:bamboo":2,"minecraft:enchanted_golden_apple":2,"minecraft:feather":2,"minecraft:white_wool":11,"minecraft:snowball":26,"alexsmobs:banana_peel":16,"minecraft:iron_boots":1},"minecraft:used":{"creeperoverhaul:jungle_creeper_spawn_egg":5,"creeperoverhaul:dark_oak_creeper_spawn_egg":1,"minecraft:trident":30,"alexsmobs:spawn_egg_gorilla":1,"creeperoverhaul:cave_creeper_spawn_egg":2,"creeperoverhaul:desert_creeper_spawn_egg":1,"creeperoverhaul:bamboo_creeper_spawn_egg":4,"minecraft:diamond_sword":144,"creeperoverhaul:beach_creeper_spawn_egg":1,"alexsmobs:spawn_egg_capuchin_monkey":10,"creeperoverhaul:hills_creeper_spawn_egg":2,"alexsmobs:banana":6,"minecraft:enchanted_golden_apple":10,"creeperoverhaul:spruce_creeper_spawn_egg":2},"minecraft:killed":{"creeperoverhaul:snowy_creeper":6,"minecraft:skeleton":4,"minecraft:zombie":25,"minecraft:pig":2,"minecraft:chicken":1,"alexsmobs:capuchin_monkey":5,"creeperoverhaul:cave_creeper":1,"creeperoverhaul:jungle_creeper":4,"creeperoverhaul:spruce_creeper":1,"alexsmobs:crow":1,"mca:female_villager":3,"minecraft:creeper":3,"minecraft:cow":3},"minecraft:custom":{"minecraft:time_since_rest":81534,"minecraft:sprint_one_cm":146642,"minecraft:damage_absorbed":1180,"minecraft:damage_taken":1089,"minecraft:walk_one_cm":134137,"minecraft:mob_kills":115,"minecraft:drop":95,"minecraft:damage_dealt":11755,"minecraft:fly_one_cm":1371864,"minecraft:open_barrel":1,"minecraft:open_chest":14,"minecraft:crouch_one_cm":670,"minecraft:play_time":81534,"minecraft:sneak_time":1606,"minecraft:walk_under_water_one_cm":2396,"minecraft:jump":442,"minecraft:leave_game":2,"minecraft:walk_on_water_one_cm":658,"minecraft:time_since_death":81534,"minecraft:total_world_time":81534,"minecraft:damage_resisted":442,"minecraft:fall_one_cm":20304},"minecraft:dropped":{"minecraft:iron_chestplate":1,"minecraft:enchanted_golden_apple":1,"minecraft:iron_helmet":1,"minecraft:iron_leggings":1,"minecraft:iron_boots":1,"alexsmobs:ancient_dart":1,"alexsmobs:banana":88,"alexsmobs:spawn_egg_bone_serpent":1}},"DataVersion":3465}