{"stats":{"minecraft:killed":{"minecraft:husk":3},"minecraft:custom":{"minecraft:time_since_rest":25655,"minecraft:open_chest":9,"minecraft:crouch_one_cm":108,"minecraft:play_time":26916,"minecraft:sprint_one_cm":33879,"minecraft:inspect_dropper":6,"minecraft:walk_one_cm":70642,"minecraft:damage_taken":445,"minecraft:deaths":1,"minecraft:sneak_time":351,"minecraft:trigger_trapped_chest":3,"minecraft:walk_under_water_one_cm":213,"minecraft:mob_kills":3,"minecraft:interact_with_lectern":2,"minecraft:jump":132,"minecraft:damage_dealt":814,"minecraft:walk_on_water_one_cm":1938,"minecraft:time_since_death":25606,"minecraft:total_world_time":26916,"minecraft:tune_noteblock":35,"minecraft:fly_one_cm":207756,"minecraft:target_hit":9,"minecraft:inspect_dispenser":4},"minecraft:used":{"minecraft:rotten_flesh":1,"minecraft:golden_apple":1,"minecraft:bow":17,"minecraft:netherite_axe":11,"minecraft:infested_cobblestone":1},"minecraft:killed_by":{"minecraft:zombie":1},"minecraft:picked_up":{"minecraft:rotten_flesh":4,"alexsmobs:animal_dictionary":1}},"DataVersion":3465}