{"stats":{"minecraft:picked_up":{"minecraft:mud":1,"minecraft:magma_block":2,"minecraft:basalt":46,"minecraft:golden_carrot":64,"minecraft:brown_mushroom":4,"minecraft:diamond_sword":2,"minecraft:gold_block":6,"minecraft:flint":1,"minecraft:shield":2,"minecraft:gunpowder":4,"minecraft:string":2,"minecraft:moss_carpet":1,"minecraft:bone":11,"minecraft:diamond_leggings":1,"minecraft:diamond_helmet":2,"minecraft:golden_helmet":1,"minecraft:quartz":6,"minecraft:gravel":5,"minecraft:polished_blackstone_bricks":16,"minecraft:spider_eye":1,"minecraft:golden_chestplate":2,"minecraft:diamond_chestplate":1,"minecraft:rotten_flesh":10,"minecraft:arrow":4,"minecraft:sugar":2,"minecraft:cracked_polished_blackstone_bricks":21,"minecraft:diamond_boots":1,"minecraft:crossbow":2,"alexsmobs:emu_egg":1,"minecraft:mangrove_roots":2,"minecraft:blaze_rod":3,"minecraft:netherrack":14,"minecraft:coal":5,"minecraft:skeleton_skull":1,"minecraft:diamond_pickaxe":1},"minecraft:killed":{"minecraft:magma_cube":11,"minecraft:piglin":24,"minecraft:zombified_piglin":5,"minecraft:witch":1,"minecraft:spider":2,"alexsmobs:stradpole":2,"minecraft:creeper":2,"endermanoverhaul:savanna_enderman":1,"alexsmobs:crimson_mosquito":2,"endermanoverhaul:crimson_forest_enderman":1,"minecraft:skeleton":5,"minecraft:zombie":6,"minecraft:ghast":1,"minecraft:silverfish":9,"alexsmobs:straddler":2,"minecraft:wither_skeleton":12,"minecraft:piglin_brute":2,"minecraft:blaze":6,"minecraft:enderman":1},"minecraft:killed_by":{"minecraft:piglin":1},"minecraft:dropped":{"minecraft:water_bucket":1,"minecraft:golden_carrot":1},"minecraft:custom":{"minecraft:inspect_dropper":10,"minecraft:mob_kills":95,"minecraft:inspect_hopper":2,"minecraft:tune_noteblock":2,"minecraft:open_barrel":14,"minecraft:fill_cauldron":6,"minecraft:leave_game":2,"minecraft:time_since_death":33205,"minecraft:sleep_in_bed":2,"minecraft:climb_one_cm":664,"minecraft:damage_resisted":165,"minecraft:time_since_rest":34110,"minecraft:sprint_one_cm":130698,"minecraft:damage_absorbed":201,"minecraft:damage_taken":3507,"minecraft:walk_one_cm":157745,"minecraft:damage_blocked_by_shield":2685,"minecraft:trigger_trapped_chest":2,"minecraft:drop":2,"minecraft:damage_dealt":15711,"minecraft:fly_one_cm":1512455,"minecraft:open_chest":22,"minecraft:crouch_one_cm":1767,"minecraft:play_time":104133,"minecraft:deaths":2,"minecraft:sneak_time":3583,"minecraft:walk_under_water_one_cm":1468,"minecraft:jump":615,"minecraft:interact_with_brewingstand":1,"minecraft:walk_on_water_one_cm":3152,"minecraft:total_world_time":104133,"minecraft:use_cauldron":4,"minecraft:fall_one_cm":18103,"minecraft:inspect_dispenser":13},"minecraft:used":{"alexsmobs:emu_egg":26,"minecraft:water_bucket":9,"minecraft:diamond_boots":1,"minecraft:flint_and_steel":2,"minecraft:baked_potato":11,"minecraft:shield":24,"minecraft:brown_mushroom":1,"minecraft:netherrack":3,"minecraft:torch":23,"minecraft:golden_apple":1,"minecraft:diamond_helmet":1,"minecraft:obsidian":14,"minecraft:diamond_pickaxe":79,"minecraft:lava_bucket":2,"minecraft:gravel":3,"minecraft:basalt":46,"minecraft:fire_charge":1,"minecraft:diamond_chestplate":1,"minecraft:diamond_sword":250,"minecraft:golden_carrot":15,"minecraft:mangrove_roots":1,"minecraft:bucket":9,"alexsmobs:animal_dictionary":1,"minecraft:pumpkin_pie":8,"minecraft:diamond_leggings":1,"minecraft:enchanted_golden_apple":1},"minecraft:mined":{"minecraft:brown_mushroom":1,"minecraft:basalt":44,"minecraft:mangrove_roots":2,"minecraft:infested_cobblestone":7,"minecraft:cracked_polished_blackstone_bricks":7,"minecraft:nether_quartz_ore":2,"minecraft:wall_torch":1,"minecraft:skeleton_skull":1,"minecraft:polished_blackstone_bricks":12,"minecraft:magma_block":2,"minecraft:mud":1,"minecraft:fire":3,"minecraft:gold_block":2,"minecraft:vine":1,"minecraft:gravel":6,"minecraft:netherrack":8}},"DataVersion":3465}