{"stats":{"minecraft:killed_by":{"born_in_chaos_v1:nightmare_stalker":1,"minecraft:creeper":1,"born_in_chaos_v1:glutton_fish":1,"minecraft:pillager":1,"born_in_chaos_v1:zombie_bruiser":1,"dungeons_mobs:leapleaf":1,"alexsmobs:crocodile":1,"born_in_chaos_v1:scarlet_persecutor":1,"minecraft:stray":1,"born_in_chaos_v1:zombie_lumberjack":1,"alexsmobs:bison":1,"born_in_chaos_v1:decaying_zombie":1,"born_in_chaos_v1:door_knight":1,"born_in_chaos_v1:lords_felsteed":1},"minecraft:picked_up":{"minecraft:anvil":3,"minecraft:prismarine_shard":2,"dungeons_gear:hawkbrand":1,"minecraft:lead":2,"dungeons_gear:grave_bane":2,"minecraft:potion":1,"dungeons_gear:vine_whip":1,"born_in_chaos_v1:holiday_candy":60,"dungeons_gear:freezing_foil":2,"minecraft:raw_copper":1,"minecraft:string":59,"born_in_chaos_v1:mesh_door":1,"dungeons_gear:the_last_laugh":2,"dungeons_gear:opulent_chestplate":1,"minecraft:sea_pickle":1,"dungeons_gear:stormlander":2,"minecraft:diamond_leggings":9,"alexsmobs:banana":57,"minecraft:bucket":3,"dungeons_gear:firebolt_thrower":3,"minecraft:azalea":1,"dungeons_gear:boneclub":1,"minecraft:enchanted_golden_apple":252,"dungeons_gear:golem_kit":1,"minecraft:mangrove_log":19,"born_in_chaos_v1:soulbane":1,"dungeons_gear:frost_bite_chestplate":3,"minecraft:tipped_arrow":7,"minecraft:stick":7,"born_in_chaos_v1:shattered_skull":21,"minecraft:jukebox":1,"dungeons_gear:gauntlet":1,"born_in_chaos_v1:senor_pumpkin_spawn_egg":1,"born_in_chaos_v1:phantom_powder":7,"alexsmobs:shark_tooth_arrow":1,"born_in_chaos_v1:flaming_evil_pumpkin":1,"minecraft:acacia_log":6,"minecraft:porkchop":8,"born_in_chaos_v1:pileof_dark_metal":1,"dungeons_gear:fighters_binding":1,"born_in_chaos_v1:nightmare_claw":3,"minecraft:vine":16,"minecraft:zombie_spawn_egg":1,"minecraft:cactus":2,"minecraft:rotten_flesh":760,"born_in_chaos_v1:magical_holiday_candy":27,"born_in_chaos_v1:lord_pumpkinheads_lamp":1,"minecraft:tropical_fish":3,"dungeons_gear:shear_dagger":2,"minecraft:iron_block":2,"minecraft:carved_pumpkin":3,"minecraft:netherite_chestplate":3,"minecraft:music_disc_wait":2,"dungeons_gear:heartstealer":3,"minecraft:cod":1,"alexsmobs:spawn_egg_elephant":1,"minecraft:birch_log":4,"minecraft:feather":2,"minecraft:jungle_log":17,"minecraft:potato":5,"alexsmobs:bison_fur":4,"born_in_chaos_v1:black_argillite_button":3,"minecraft:netherite_leggings":3,"dungeons_gear:great_axeblade":2,"minecraft:lapis_lazuli":2,"dungeons_gear:hammer_of_gravity":3,"minecraft:lantern":3,"dungeons_gear:frost_slayer":1,"born_in_chaos_v1:pumpkin_pistol":1,"born_in_chaos_v1:monster_skin":71,"born_in_chaos_v1:marigolds":52,"minecraft:bone":400,"dungeons_gear:nightmares_bite":2,"minecraft:bow":6,"minecraft:wheat_seeds":1,"dungeons_gear:cursed_axe":1,"dungeons_gear:fang_of_frost":1,"minecraft:diamond_helmet":9,"minecraft:honeycomb":6,"dungeons_gear:frost_bite_leggings":3,"dungeons_gear:bone_cudgel":1,"born_in_chaos_v1:sir_pumpkinhead_spawn_egg":1,"dungeons_gear:frost_bite_boots":3,"minecraft:poisonous_potato":1,"minecraft:sand":408,"dungeons_gear:red_snake":1,"dungeons_gear:opulent_leggings":2,"born_in_chaos_v1:missioner_spawn_egg":1,"minecraft:spectral_arrow":1,"minecraft:dark_oak_log":15,"born_in_chaos_v1:supreme_measure":4,"dungeons_gear:ice_wand":1,"alexsmobs:guster_eye":2,"minecraft:sugar":2,"born_in_chaos_v1:fire_dust":6,"minecraft:netherite_helmet":3,"alexsmobs:rattlesnake_rattle":8,"alexsmobs:tarantula_hawk_wing_fragment":4,"minecraft:bone_meal":1,"born_in_chaos_v1:mr_pumpkin_spawn_egg":1,"minecraft:golden_apple":165,"minecraft:emerald":24,"alexsmobs:maggot":4,"born_in_chaos_v1:rotten_fish":6,"dungeons_gear:sparkler":1,"minecraft:diamond_pickaxe":1,"minecraft:charcoal":2,"born_in_chaos_v1:diamond_termite_shard":1,"minecraft:chicken":1,"born_in_chaos_v1:river_mint":1,"minecraft:clay_ball":2,"born_in_chaos_v1:seedof_chaos":19,"alexsmobs:roadrunner_feather":1,"dungeons_gear:frost_bite_helmet":3,"dungeons_gear:spear":1,"born_in_chaos_v1:decrepit_skeleton_spawn_egg":1,"minecraft:chain":2,"minecraft:shield":3,"dungeons_gear:power_bow":1,"born_in_chaos_v1:intoxicating_decoction":17,"minecraft:item_frame":1,"dungeons_gear:corrupted_beacon":1,"dungeons_gear:whispering_spear":3,"minecraft:beef":34,"born_in_chaos_v1:gnawed_bones":11,"minecraft:sugar_cane":7,"minecraft:chest":4,"minecraft:phantom_membrane":2,"born_in_chaos_v1:hound_trap":4,"minecraft:fire_charge":12,"dungeons_gear:great_hammer":1,"dungeons_gear:dagger":3,"born_in_chaos_v1:pieceofdarkmetal":90,"minecraft:carrot":9,"born_in_chaos_v1:charmof_endurance":2,"minecraft:redstone":2,"minecraft:prismarine_crystals":2,"dungeons_mobs:royal_guard_chestplate":1,"minecraft:arrow":106,"minecraft:diamond_chestplate":9,"born_in_chaos_v1:wood_splitter_axe":3,"minecraft:diamond_boots":10,"minecraft:hay_block":1,"born_in_chaos_v1:spiny_shell":16,"minecraft:mutton":4,"dungeons_gear:updraft_tome":1,"minecraft:white_wool":1,"born_in_chaos_v1:fused_bone":25,"dungeons_gear:masters_katana":1,"born_in_chaos_v1:skeleton_thrasher_spawn_egg":2,"born_in_chaos_v1:corpse_maggot":311,"minecraft:netherite_boots":3,"minecraft:golden_carrot":99,"born_in_chaos_v1:monster_flesh":71,"born_in_chaos_v1:pumpkin_staff":2,"minecraft:salmon":3,"minecraft:leather":5,"minecraft:oak_log":27,"minecraft:golden_boots":1,"minecraft:gunpowder":67,"dungeons_gear:ember_robes_helmet":1,"dungeons_gear:fortune_spear":2,"minecraft:paper":1,"dungeons_gear:soul_fist":4,"dungeons_gear:encrusted_anchor":1,"born_in_chaos_v1:soul_cutlass":2,"minecraft:kelp":5,"dungeons_gear:battlestaff_of_terror":4,"born_in_chaos_v1:zombie_bruiser_spawn_egg":2,"dungeons_gear:truthseeker":1,"minecraft:iron_ingot":46,"born_in_chaos_v1:lord_pumpkinhead_spawn_egg":1,"dungeons_gear:reinforced_mail_chestplate":1,"dungeons_gear:ember_robes_leggings":1,"born_in_chaos_v1:death_totem":1,"born_in_chaos_v1:orbofthe_summoner":4,"born_in_chaos_v1:ethereal_spirit":61,"minecraft:dandelion":1,"born_in_chaos_v1:dark_rod":4,"dungeons_gear:broadsword":1,"born_in_chaos_v1:fangofthe_hound_leader":3,"dungeons_gear:soul_lantern":1,"minecraft:spruce_log":13,"dungeons_gear:double_axe":1,"minecraft:spider_eye":20,"dungeons_gear:opulent_helmet":1,"dungeons_gear:sword":4,"dungeons_gear:ember_robes_boots":1,"dungeons_gear:ember_robes_chestplate":1,"dungeons_gear:moon_dagger":2,"minecraft:slime_ball":18,"minecraft:chainmail_leggings":1,"dungeons_gear:bee_stinger":2,"born_in_chaos_v1:nightmare_stalker_spawn_egg":1,"dungeons_gear:opulent_boots":1,"dungeons_gear:whirlwind":1,"minecraft:coal":2,"minecraft:ender_pearl":4},"minecraft:used":{"dungeons_gear:stormlander":148,"dungeons_gear:highland_axe":12,"dungeons_gear:nameless_blade":34,"dungeons_gear:the_last_laugh":86,"born_in_chaos_v1:intoxicating_decoction":2,"all_bark_all_bite:dog_spawn_egg":8,"minecraft:chest":43,"dungeons_gear:frost_slayer":31,"minecraft:stone":1578,"minecraft:zombie_spawn_egg":10,"born_in_chaos_v1:pumpkin_spirit_spawn_egg":1,"dungeons_gear:opulent_boots":1,"dungeons_gear:fighters_binding":7,"dungeons_gear:cursed_axe":7,"dungeons_gear:firebolt_thrower":26,"minecraft:skeleton_spawn_egg":3,"dungeons_gear:venom_glaive":59,"minecraft:carrot":1,"born_in_chaos_v1:soul_cutlass":6,"born_in_chaos_v1:restless_spirit_spawn_egg":1,"minecraft:warden_spawn_egg":2,"born_in_chaos_v1:dread_hound_spawn_egg":2,"dungeons_gear:opulent_leggings":1,"born_in_chaos_v1:corpse_maggot":6,"born_in_chaos_v1:soulbane":39,"dungeons_gear:gauntlet":4,"alexsmobs:spawn_egg_gorilla":4,"minecraft:lantern":45,"dungeons_gear:heartstealer":141,"dungeons_gear:echo_of_the_valley":18,"minecraft:music_disc_wait":2,"born_in_chaos_v1:gnawed_bones":1,"minecraft:stone_brick_stairs":281,"dungeons_gear:fang_of_frost":25,"minecraft:stone_bricks":207,"minecraft:item_frame":192,"minecraft:netherite_boots":1,"dungeons_gear:butterfly_crossbow":23,"born_in_chaos_v1:door_knight_spawn_egg":2,"dungeons_gear:auto_crossbow":6,"dungeons_gear:boneclub":34,"alexsmobs:spawn_egg_elephant":1,"dungeons_mobs:jungle_zombie_spawn_egg":5,"dungeons_gear:battlestaff_of_terror":795,"dungeons_gear:red_snake":3,"dungeons_gear:dagger":283,"dungeons_gear:power_bow":10,"born_in_chaos_v1:zombie_lumberjack_spawn_egg":1,"dungeons_gear:whirlwind":60,"born_in_chaos_v1:barrel_zombie_spawn_egg":2,"minecraft:damaged_anvil":1,"dungeons_gear:sparkler":6,"dungeons_gear:growing_staff":256,"dungeons_gear:great_axeblade":142,"born_in_chaos_v1:decaying_zombie_spawn_egg":1,"born_in_chaos_v1:hound_trap":7,"minecraft:sandstone":239,"born_in_chaos_v1:diamond_termite_spawn_egg":1,"dungeons_mobs:royal_guard_spawn_egg":2,"dungeons_gear:encrusted_anchor":44,"born_in_chaos_v1:mr_pumpkin_spawn_egg":1,"minecraft:golden_apple":70,"alexsmobs:skelewag_sword":21,"dungeons_gear:shear_dagger":13,"minecraft:sand":14,"minecraft:netherite_leggings":1,"dungeons_gear:voidcaller":9,"dungeons_gear:hammer_of_gravity":142,"minecraft:netherite_helmet":1,"minecraft:stone_brick_wall":11,"dungeons_gear:arrow_bundle":1,"minecraft:deepslate_tiles":633,"born_in_chaos_v1:skeleton_thrasher_spawn_egg":4,"dungeons_gear:lightning_harp_crossbow":15,"dungeons_gear:moon_dagger":92,"born_in_chaos_v1:monster_flesh":1,"dungeons_gear:diamond_sword":7,"dungeons_gear:bee_stinger":216,"born_in_chaos_v1:nightmare_stalker_spawn_egg":1,"dungeons_gear:hawkbrand":164,"born_in_chaos_v1:marigolds":1,"minecraft:soul_lantern":5,"minecraft:fire_charge":1,"born_in_chaos_v1:mesh_door":1,"alexsmobs:spawn_egg_bison":5,"dungeons_gear:nightmares_bite":76,"born_in_chaos_v1:river_mint":1,"dungeons_gear:suns_grace":92,"minecraft:chain":6,"dungeons_gear:freezing_foil":281,"alexsmobs:spawn_egg_mantis_shrimp":12,"minecraft:netherite_sword":10,"minecraft:stone_sword":15,"born_in_chaos_v1:seared_spirit_spawn_egg":1,"born_in_chaos_v1:senor_pumpkin_spawn_egg":1,"minecraft:flint_and_steel":21,"born_in_chaos_v1:siamese_skeletons_spawn_egg":3,"dungeons_gear:corrupted_crossbow":42,"minecraft:carved_pumpkin":3,"dungeons_gear:tempest_knife":43,"dungeons_gear:sinister_sword":3,"born_in_chaos_v1:fried_maggot":2,"minecraft:anvil":5,"dungeons_gear:bone_cudgel":52,"dungeons_gear:vine_whip":4,"born_in_chaos_v1:supreme_measure":125,"minecraft:stone_brick_slab":379,"dungeons_gear:opulent_chestplate":1,"born_in_chaos_v1:fallen_chaos_knight_spawn_egg":4,"dungeons_gear:truthseeker":66,"minecraft:iron_block":12,"alexsmobs:spawn_egg_grizzly_bear":1,"dungeons_gear:sabrewing":6,"born_in_chaos_v1:dire_hound_leader_spawn_egg":1,"born_in_chaos_v1:spawn_structures_dark_tower":1,"born_in_chaos_v1:intoxicating_dagger":2,"dungeons_gear:soul_fist":182,"born_in_chaos_v1:bonescaller_spawn_egg":1,"born_in_chaos_v1:skeleton_demoman_spawn_egg":1,"dungeons_gear:jailors_scythe":13,"minecraft:golden_carrot":50,"dungeons_gear:mauler":45,"dungeons_gear:eternal_knife":35,"minecraft:wolf_spawn_egg":4,"dungeons_mobs:frozen_zombie_spawn_egg":1,"minecraft:netherite_pickaxe":2,"dungeons_gear:nautical_crossbow":14,"minecraft:enchanted_golden_apple":12,"dungeons_gear:frost_bite_boots":1,"born_in_chaos_v1:lord_pumpkinheads_lamp":1,"dungeons_gear:chill_gale_knife":40,"dungeons_gear:dancers_sword":628,"born_in_chaos_v1:scarlet_persecutor_spawn_egg":1,"minecraft:netherite_chestplate":1,"dungeons_gear:grave_bane":116,"dungeons_gear:whispering_spear":148,"born_in_chaos_v1:sir_pumpkinhead_spawn_egg":1,"minecraft:tnt":10,"born_in_chaos_v1:zombie_bruiser_spawn_egg":2,"born_in_chaos_v1:supreme_bonescaller_spawn_egg":2,"dungeons_gear:opulent_helmet":1,"dungeons_mobs:redstone_golem_spawn_egg":1,"born_in_chaos_v1:lord_pumpkinhead_spawn_egg":1,"dungeons_mobs:snareling_spawn_egg":1,"born_in_chaos_v1:decrepit_skeleton_spawn_egg":2,"dungeons_gear:firebrand":3,"dungeons_gear:broadsword":276,"minecraft:diamond_pickaxe":3,"dungeons_gear:sword":19,"born_in_chaos_v1:baby_skeleton_spawn_egg":2,"dungeons_gear:wind_bow":8,"born_in_chaos_v1:firelight_spawn_egg":1,"minecraft:chiseled_stone_bricks":52,"born_in_chaos_v1:wood_splitter_axe":5,"dungeons_gear:harp_crossbow":9,"minecraft:yellow_bed":2,"born_in_chaos_v1:bone_imp_spawn_egg":1,"alexsmobs:animal_dictionary":1,"born_in_chaos_v1:missioner_spawn_egg":1,"minecraft:husk_spawn_egg":2,"dungeons_gear:masters_katana":77,"minecraft:jukebox":2},"minecraft:dropped":{"dungeons_gear:suns_grace":1,"born_in_chaos_v1:missioner_spawn_egg":1,"dungeons_gear:nightmares_bite":1,"minecraft:oak_log":3,"minecraft:honeycomb":27,"dungeons_gear:whispering_spear":2,"dungeons_gear:dagger":3,"born_in_chaos_v1:pieceofdarkmetal":4,"minecraft:item_frame":1,"born_in_chaos_v1:monster_flesh":5,"dungeons_gear:pickaxe":1,"born_in_chaos_v1:monster_skin":6,"dungeons_gear:highland_axe":1,"minecraft:netherite_boots":3,"minecraft:sand":9,"minecraft:bone":18,"minecraft:rotten_flesh":41,"minecraft:enchanted_golden_apple":64,"dungeons_gear:fighters_binding":1,"minecraft:salmon":4,"dungeons_gear:firebrand":1,"dungeons_gear:double_axe":2,"dungeons_gear:spear":1,"dungeons_gear:gauntlet":1,"dungeons_gear:gold_axe":2,"born_in_chaos_v1:seedof_chaos":2,"born_in_chaos_v1:corpse_maggot":25,"minecraft:chest":1,"dungeons_gear:grave_bane":2,"dungeons_gear:boneclub":3,"dungeons_gear:bee_stinger":1,"minecraft:arrow":6,"alexsmobs:banana":82,"minecraft:oak_leaves":1,"dungeons_gear:fang_of_frost":1,"dungeons_gear:moon_dagger":1,"minecraft:iron_ingot":1,"born_in_chaos_v1:intoxicating_decoction":2,"born_in_chaos_v1:shattered_skull":1,"dungeons_gear:shear_dagger":1,"dungeons_gear:flail":1,"dungeons_gear:axe":1,"minecraft:diamond_leggings":5,"minecraft:netherite_helmet":3,"minecraft:netherite_chestplate":3,"minecraft:golden_apple":64,"born_in_chaos_v1:nightmare_stalker_spawn_egg":1,"born_in_chaos_v1:gnawed_bones":1,"dungeons_gear:mace":1,"minecraft:golden_carrot":49,"minecraft:diamond_helmet":5,"minecraft:potion":1,"dungeons_gear:soul_fist":2,"dungeons_gear:the_last_laugh":2,"dungeons_gear:diamond_pickaxe":1,"dungeons_gear:golem_kit":1,"minecraft:chainmail_leggings":1,"minecraft:paper":1,"minecraft:string":2,"minecraft:bucket":1,"dungeons_gear:opulent_leggings":1,"minecraft:jukebox":1,"dungeons_gear:whirlwind":2,"dungeons_gear:freezing_foil":1,"minecraft:netherite_leggings":3,"dungeons_gear:hammer_of_gravity":1,"dungeons_gear:cursed_axe":2,"dungeons_gear:battlestaff_of_terror":4,"minecraft:diamond_chestplate":5,"dungeons_gear:soul_lantern":1,"dungeons_gear:hawkbrand":1,"dungeons_gear:fortune_spear":2,"minecraft:diamond_boots":6,"born_in_chaos_v1:supreme_measure":1},"minecraft:broken":{"dungeons_gear:battlestaff_of_terror":1},"minecraft:custom":{"minecraft:open_barrel":4,"minecraft:leave_game":16,"minecraft:time_since_death":39597,"minecraft:damage_resisted":790,"minecraft:sprint_one_cm":1039579,"minecraft:drop":253,"minecraft:talked_to_villager":3,"minecraft:play_time":721962,"minecraft:deaths":15,"minecraft:jump":4583,"minecraft:walk_on_water_one_cm":147516,"minecraft:play_record":2,"minecraft:sleep_in_bed":2,"minecraft:damage_dealt":263766,"minecraft:crouch_one_cm":8088,"minecraft:interact_with_anvil":31,"minecraft:mob_kills":1359,"minecraft:damage_dealt_resisted":130039,"minecraft:climb_one_cm":5246,"minecraft:walk_one_cm":1705878,"minecraft:sneak_time":8406,"minecraft:walk_under_water_one_cm":501959,"minecraft:total_world_time":721962,"minecraft:time_since_rest":39632,"minecraft:damage_absorbed":3728,"minecraft:damage_taken":21530,"minecraft:swim_one_cm":58833,"minecraft:fly_one_cm":5874326,"minecraft:open_chest":132,"minecraft:fall_one_cm":63235},"minecraft:mined":{"minecraft:spawner":3,"minecraft:fire":1,"minecraft:dead_bush":2,"minecraft:grass":5,"minecraft:sand":4,"born_in_chaos_v1:closed_hound_trap":3,"born_in_chaos_v1:gnawed_bones":1,"minecraft:fern":4},"minecraft:killed":{"dungeons_mobs:quick_growing_vine":14,"born_in_chaos_v1:zombie_clown":12,"alexsmobs:hummingbird":1,"born_in_chaos_v1:mr_pumpkin":3,"minecraft:witch":3,"born_in_chaos_v1:restless_spirit":17,"born_in_chaos_v1:zombie_lumberjack":34,"born_in_chaos_v1:seared_spirit":1,"born_in_chaos_v1:skeleton_demoman":8,"born_in_chaos_v1:sir_the_headless":1,"born_in_chaos_v1:sir_pumpkinhead_without_horse":1,"dungeons_mobs:royal_guard":1,"minecraft:spider":47,"dungeons_mobs:leapleaf":1,"born_in_chaos_v1:lord_the_headless":1,"born_in_chaos_v1:siamese_skeletonsright":9,"born_in_chaos_v1:baby_skeleton_minion":35,"born_in_chaos_v1:scarlet_persecutor":17,"minecraft:skeleton":74,"alexsmobs:leafcutter_ant":1,"minecraft:chicken":2,"born_in_chaos_v1:skeleton_thrasher":10,"born_in_chaos_v1:supreme_bonescaller_stage_2":4,"born_in_chaos_v1:sir_pumpkinhead":1,"minecraft:pig":4,"born_in_chaos_v1:bonescaller":11,"born_in_chaos_v1:supreme_bonescaller":3,"minecraft:zombie_villager":4,"born_in_chaos_v1:riding_lords_felsteed":1,"dungeons_mobs:wraith":23,"minecraft:iron_golem":1,"born_in_chaos_v1:senor_pumpkin":3,"minecraft:creeper":38,"dungeons_mobs:jungle_zombie":11,"minecraft:sheep":2,"minecraft:trader_llama":2,"born_in_chaos_v1:zombie_fisherman":4,"minecraft:pillager":12,"minecraft:zombie":77,"born_in_chaos_v1:dread_hound":52,"born_in_chaos_v1:corpse_fly":133,"minecraft:stray":5,"alexsmobs:rain_frog":1,"alexsmobs:roadrunner":1,"alexsmobs:fly":6,"born_in_chaos_v1:door_knight":14,"dungeons_mobs:wavewhisperer":1,"dungeons_mobs:snareling":1,"dungeons_mobs:poison_quill_vine":1,"born_in_chaos_v1:siamese_skeletonsleft":9,"alexsmobs:jerboa":2,"born_in_chaos_v1:lords_felsteed":1,"born_in_chaos_v1:missioner":1,"alexsmobs:tarantula_hawk":2,"all_bark_all_bite:dog":2,"dungeons_mobs:mossy_skeleton":2,"born_in_chaos_v1:lord_pumpkinhead_head":1,"born_in_chaos_v1:skeleton_thrasher_not_despawn":1,"born_in_chaos_v1:thornshell_crab":1,"alexsmobs:rattlesnake":7,"born_in_chaos_v1:zombie_bruiser":33,"born_in_chaos_v1:firelight":1,"minecraft:phantom":3,"born_in_chaos_v1:maggot":151,"alexsmobs:gorilla":1,"born_in_chaos_v1:pumpkinhead":1,"minecraft:horse":5,"born_in_chaos_v1:dire_hound_leader":3,"dungeons_mobs:frozen_zombie":1,"born_in_chaos_v1:lord_pumpkinhead":1,"born_in_chaos_v1:corpse_fish":3,"minecraft:drowned":1,"alexsmobs:bison":6,"born_in_chaos_v1:siamese_skeletons":2,"born_in_chaos_v1:barrel_zombie":4,"born_in_chaos_v1:fallen_chaos_knight":8,"born_in_chaos_v1:spirit_guide":12,"born_in_chaos_v1:felsteed":1,"minecraft:husk":106,"alexsmobs:guster":12,"born_in_chaos_v1:bone_imp_minion":21,"born_in_chaos_v1:baby_skeleton":18,"born_in_chaos_v1:swarmer":24,"born_in_chaos_v1:spirit_guide_assistant":34,"minecraft:wandering_trader":1,"dungeons_mobs:whisperer":4,"born_in_chaos_v1:decrepit_skeleton":66,"born_in_chaos_v1:phantom_creeper_copy":6,"born_in_chaos_v1:bloody_gadfly":9,"born_in_chaos_v1:decaying_zombie":7,"born_in_chaos_v1:lord_pumpkinhead_withouta_horse":1,"born_in_chaos_v1:bonescaller_not_despawn":2,"born_in_chaos_v1:dark_vortex":4,"dungeons_mobs:sunken_skeleton":1,"born_in_chaos_v1:nightmare_stalker":1,"dungeons_mobs:necromancer":2,"minecraft:enderman":5}},"DataVersion":3120}