{"stats":{"minecraft:killed":{"minecraft:husk":3},"minecraft:custom":{"minecraft:jump":40,"minecraft:open_chest":5,"minecraft:time_since_rest":13655,"minecraft:crouch_one_cm":108,"minecraft:damage_dealt":814,"minecraft:deaths":1,"minecraft:sprint_one_cm":13378,"minecraft:play_time":14916,"minecraft:damage_taken":315,"minecraft:time_since_death":13606,"minecraft:walk_one_cm":22879,"minecraft:sneak_time":248,"minecraft:total_world_time":14916,"minecraft:mob_kills":3,"minecraft:interact_with_lectern":2,"minecraft:target_hit":9,"minecraft:fly_one_cm":159680},"minecraft:used":{"minecraft:netherite_axe":11,"minecraft:bow":17},"minecraft:picked_up":{"minecraft:rotten_flesh":4,"alexsmobs:animal_dictionary":1},"minecraft:killed_by":{"minecraft:zombie":1}},"DataVersion":3465}