{"stats":{"minecraft:picked_up":{"minecraft:tipped_arrow":1,"minecraft:iron_chestplate":1,"alexsmobs:bison_fur":1,"minecraft:spruce_log":1,"minecraft:gunpowder":3,"minecraft:spider_eye":2,"minecraft:string":3,"alexsmobs:ancient_dart":1,"minecraft:rotten_flesh":9,"minecraft:iron_leggings":1,"minecraft:arrow":9,"minecraft:bone":6,"alexsmobs:banana":13,"minecraft:iron_helmet":1,"minecraft:beef":8,"minecraft:white_wool":11,"minecraft:snowball":26,"alexsmobs:banana_peel":12,"minecraft:iron_boots":1},"minecraft:used":{"creeperoverhaul:jungle_creeper_spawn_egg":5,"minecraft:trident":30,"alexsmobs:spawn_egg_gorilla":1,"creeperoverhaul:bamboo_creeper_spawn_egg":1,"minecraft:diamond_sword":55,"creeperoverhaul:beach_creeper_spawn_egg":1,"alexsmobs:spawn_egg_capuchin_monkey":2,"minecraft:enchanted_golden_apple":5,"creeperoverhaul:spruce_creeper_spawn_egg":1},"minecraft:killed":{"creeperoverhaul:snowy_creeper":6,"minecraft:zombie":15,"creeperoverhaul:jungle_creeper":4,"creeperoverhaul:spruce_creeper":1,"alexsmobs:crow":1},"minecraft:custom":{"minecraft:time_since_rest":28779,"minecraft:walk_one_cm":61987,"minecraft:sprint_one_cm":47869,"minecraft:damage_taken":797,"minecraft:damage_absorbed":540,"minecraft:mob_kills":48,"minecraft:drop":65,"minecraft:damage_dealt":5363,"minecraft:fly_one_cm":515964,"minecraft:open_barrel":1,"minecraft:open_chest":6,"minecraft:crouch_one_cm":154,"minecraft:play_time":28779,"minecraft:sneak_time":603,"minecraft:walk_under_water_one_cm":1329,"minecraft:jump":148,"minecraft:walk_on_water_one_cm":361,"minecraft:time_since_death":28779,"minecraft:total_world_time":28779,"minecraft:damage_resisted":240,"minecraft:fall_one_cm":3450},"minecraft:dropped":{"minecraft:iron_chestplate":1,"minecraft:iron_helmet":1,"minecraft:iron_leggings":1,"minecraft:iron_boots":1,"alexsmobs:ancient_dart":1,"alexsmobs:banana":60}},"DataVersion":3465}