{"stats":{"minecraft:picked_up":{"minecraft:gravel":5,"minecraft:flint":1,"minecraft:skeleton_skull":1},"minecraft:custom":{"minecraft:open_barrel":3,"minecraft:time_since_rest":17167,"minecraft:fill_cauldron":3,"minecraft:crouch_one_cm":58,"minecraft:play_time":17167,"minecraft:sprint_one_cm":55272,"minecraft:inspect_dropper":10,"minecraft:damage_taken":340,"minecraft:walk_one_cm":46180,"minecraft:sneak_time":169,"minecraft:walk_under_water_one_cm":552,"minecraft:jump":91,"minecraft:time_since_death":17167,"minecraft:walk_on_water_one_cm":99,"minecraft:climb_one_cm":160,"minecraft:total_world_time":17167,"minecraft:use_cauldron":1,"minecraft:fly_one_cm":101380,"minecraft:fall_one_cm":3623,"minecraft:tune_noteblock":2,"minecraft:inspect_dispenser":12,"minecraft:open_chest":2},"minecraft:used":{"minecraft:water_bucket":4,"minecraft:torch":23,"minecraft:diamond_sword":1,"minecraft:flint_and_steel":2,"minecraft:baked_potato":8,"minecraft:bucket":3,"alexsmobs:animal_dictionary":1,"minecraft:gravel":3},"minecraft:mined":{"minecraft:skeleton_skull":1,"minecraft:vine":1,"minecraft:gravel":6,"minecraft:wall_torch":1}},"DataVersion":3465}