{"stats":{"minecraft:used":{"dungeons_gear:stormlander":148,"dungeons_gear:highland_axe":12,"dungeons_gear:nameless_blade":34,"dungeons_gear:the_last_laugh":86,"born_in_chaos_v1:intoxicating_decoction":2,"all_bark_all_bite:dog_spawn_egg":8,"minecraft:chest":26,"dungeons_gear:frost_slayer":31,"minecraft:stone":1577,"minecraft:zombie_spawn_egg":10,"born_in_chaos_v1:pumpkin_spirit_spawn_egg":1,"dungeons_gear:opulent_boots":1,"dungeons_gear:fighters_binding":7,"dungeons_gear:cursed_axe":7,"dungeons_gear:venom_glaive":39,"born_in_chaos_v1:soul_cutlass":6,"born_in_chaos_v1:restless_spirit_spawn_egg":1,"born_in_chaos_v1:dread_hound_spawn_egg":2,"dungeons_gear:opulent_leggings":1,"minecraft:warden_spawn_egg":2,"born_in_chaos_v1:corpse_maggot":6,"born_in_chaos_v1:soulbane":39,"dungeons_gear:gauntlet":4,"minecraft:lantern":36,"dungeons_gear:heartstealer":14,"dungeons_gear:echo_of_the_valley":18,"minecraft:stone_brick_stairs":281,"dungeons_gear:fang_of_frost":25,"minecraft:stone_bricks":207,"minecraft:item_frame":185,"minecraft:netherite_boots":1,"dungeons_gear:butterfly_crossbow":23,"born_in_chaos_v1:door_knight_spawn_egg":1,"dungeons_gear:auto_crossbow":6,"dungeons_gear:boneclub":34,"dungeons_mobs:jungle_zombie_spawn_egg":5,"dungeons_gear:battlestaff_of_terror":517,"dungeons_gear:red_snake":3,"dungeons_gear:dagger":283,"dungeons_gear:power_bow":10,"born_in_chaos_v1:zombie_lumberjack_spawn_egg":1,"born_in_chaos_v1:barrel_zombie_spawn_egg":2,"dungeons_gear:whirlwind":60,"dungeons_gear:growing_staff":256,"dungeons_gear:sparkler":6,"dungeons_gear:great_axeblade":137,"born_in_chaos_v1:decaying_zombie_spawn_egg":1,"born_in_chaos_v1:hound_trap":7,"minecraft:sandstone":239,"born_in_chaos_v1:diamond_termite_spawn_egg":1,"dungeons_mobs:royal_guard_spawn_egg":2,"dungeons_gear:encrusted_anchor":44,"born_in_chaos_v1:mr_pumpkin_spawn_egg":1,"minecraft:golden_apple":70,"alexsmobs:skelewag_sword":21,"dungeons_gear:shear_dagger":13,"minecraft:sand":5,"minecraft:netherite_leggings":1,"dungeons_gear:voidcaller":9,"dungeons_gear:hammer_of_gravity":142,"minecraft:netherite_helmet":1,"minecraft:stone_brick_wall":11,"dungeons_gear:arrow_bundle":1,"minecraft:deepslate_tiles":632,"born_in_chaos_v1:skeleton_thrasher_spawn_egg":1,"dungeons_gear:lightning_harp_crossbow":15,"dungeons_gear:moon_dagger":92,"born_in_chaos_v1:monster_flesh":1,"dungeons_gear:diamond_sword":3,"dungeons_gear:bee_stinger":213,"born_in_chaos_v1:nightmare_stalker_spawn_egg":1,"dungeons_gear:hawkbrand":64,"born_in_chaos_v1:marigolds":1,"minecraft:soul_lantern":5,"born_in_chaos_v1:mesh_door":1,"dungeons_gear:nightmares_bite":76,"born_in_chaos_v1:river_mint":1,"dungeons_gear:suns_grace":92,"minecraft:chain":6,"dungeons_gear:freezing_foil":184,"minecraft:netherite_sword":10,"minecraft:stone_sword":15,"born_in_chaos_v1:seared_spirit_spawn_egg":1,"born_in_chaos_v1:senor_pumpkin_spawn_egg":1,"born_in_chaos_v1:siamese_skeletons_spawn_egg":3,"minecraft:flint_and_steel":21,"dungeons_gear:corrupted_crossbow":42,"dungeons_gear:tempest_knife":15,"dungeons_gear:sinister_sword":3,"born_in_chaos_v1:fried_maggot":2,"minecraft:anvil":2,"dungeons_gear:bone_cudgel":49,"dungeons_gear:vine_whip":4,"born_in_chaos_v1:supreme_measure":99,"minecraft:stone_brick_slab":379,"dungeons_gear:opulent_chestplate":1,"born_in_chaos_v1:fallen_chaos_knight_spawn_egg":1,"alexsmobs:spawn_egg_grizzly_bear":1,"born_in_chaos_v1:dire_hound_leader_spawn_egg":1,"born_in_chaos_v1:spawn_structures_dark_tower":1,"born_in_chaos_v1:intoxicating_dagger":2,"dungeons_gear:soul_fist":150,"born_in_chaos_v1:bonescaller_spawn_egg":1,"born_in_chaos_v1:skeleton_demoman_spawn_egg":1,"dungeons_gear:jailors_scythe":13,"minecraft:golden_carrot":32,"dungeons_gear:mauler":45,"minecraft:wolf_spawn_egg":4,"dungeons_mobs:frozen_zombie_spawn_egg":1,"minecraft:netherite_pickaxe":2,"minecraft:enchanted_golden_apple":3,"born_in_chaos_v1:lord_pumpkinheads_lamp":1,"dungeons_gear:chill_gale_knife":40,"dungeons_gear:dancers_sword":440,"born_in_chaos_v1:scarlet_persecutor_spawn_egg":1,"minecraft:netherite_chestplate":1,"dungeons_gear:grave_bane":116,"dungeons_gear:whispering_spear":148,"born_in_chaos_v1:sir_pumpkinhead_spawn_egg":1,"born_in_chaos_v1:zombie_bruiser_spawn_egg":1,"minecraft:tnt":10,"born_in_chaos_v1:supreme_bonescaller_spawn_egg":2,"dungeons_gear:opulent_helmet":1,"dungeons_mobs:redstone_golem_spawn_egg":1,"born_in_chaos_v1:lord_pumpkinhead_spawn_egg":1,"born_in_chaos_v1:decrepit_skeleton_spawn_egg":2,"dungeons_gear:firebrand":3,"dungeons_gear:broadsword":276,"minecraft:diamond_pickaxe":3,"born_in_chaos_v1:baby_skeleton_spawn_egg":2,"dungeons_gear:wind_bow":8,"born_in_chaos_v1:firelight_spawn_egg":1,"minecraft:chiseled_stone_bricks":52,"dungeons_gear:harp_crossbow":9,"minecraft:yellow_bed":2,"born_in_chaos_v1:bone_imp_spawn_egg":1,"alexsmobs:animal_dictionary":1,"born_in_chaos_v1:missioner_spawn_egg":1,"dungeons_gear:masters_katana":77},"minecraft:mined":{"minecraft:spawner":3,"minecraft:dead_bush":2,"minecraft:grass":5,"minecraft:sand":4,"born_in_chaos_v1:closed_hound_trap":3,"minecraft:fern":4},"minecraft:killed_by":{"born_in_chaos_v1:glutton_fish":1,"dungeons_mobs:leapleaf":1,"alexsmobs:crocodile":1,"born_in_chaos_v1:scarlet_persecutor":1,"minecraft:stray":1,"born_in_chaos_v1:zombie_lumberjack":1,"born_in_chaos_v1:decaying_zombie":1,"born_in_chaos_v1:lords_felsteed":1},"minecraft:dropped":{"born_in_chaos_v1:missioner_spawn_egg":1,"dungeons_gear:nightmares_bite":1,"minecraft:honeycomb":27,"dungeons_gear:dagger":3,"minecraft:item_frame":1,"minecraft:netherite_boots":3,"minecraft:rotten_flesh":2,"dungeons_gear:fighters_binding":1,"minecraft:salmon":4,"dungeons_gear:gauntlet":1,"born_in_chaos_v1:seedof_chaos":2,"minecraft:chest":1,"dungeons_gear:grave_bane":2,"dungeons_gear:bee_stinger":1,"minecraft:arrow":6,"dungeons_gear:fang_of_frost":1,"dungeons_gear:moon_dagger":1,"minecraft:iron_ingot":1,"born_in_chaos_v1:intoxicating_decoction":2,"dungeons_gear:shear_dagger":1,"minecraft:diamond_leggings":3,"minecraft:netherite_helmet":3,"minecraft:netherite_chestplate":3,"minecraft:golden_apple":64,"born_in_chaos_v1:nightmare_stalker_spawn_egg":1,"minecraft:golden_carrot":49,"minecraft:diamond_helmet":3,"minecraft:potion":1,"dungeons_gear:soul_fist":2,"dungeons_gear:the_last_laugh":1,"dungeons_gear:golem_kit":1,"minecraft:chainmail_leggings":1,"dungeons_gear:opulent_leggings":1,"dungeons_gear:freezing_foil":1,"minecraft:netherite_leggings":3,"dungeons_gear:hammer_of_gravity":1,"dungeons_gear:battlestaff_of_terror":3,"minecraft:diamond_chestplate":3,"dungeons_gear:soul_lantern":1,"minecraft:diamond_boots":4,"born_in_chaos_v1:supreme_measure":1},"minecraft:killed":{"dungeons_mobs:quick_growing_vine":6,"born_in_chaos_v1:zombie_clown":10,"born_in_chaos_v1:mr_pumpkin":3,"minecraft:witch":3,"born_in_chaos_v1:zombie_lumberjack":28,"born_in_chaos_v1:restless_spirit":13,"born_in_chaos_v1:seared_spirit":1,"born_in_chaos_v1:skeleton_demoman":6,"born_in_chaos_v1:sir_pumpkinhead_without_horse":1,"born_in_chaos_v1:sir_the_headless":1,"dungeons_mobs:royal_guard":1,"minecraft:spider":39,"dungeons_mobs:leapleaf":1,"born_in_chaos_v1:lord_the_headless":1,"born_in_chaos_v1:siamese_skeletonsright":9,"born_in_chaos_v1:baby_skeleton_minion":33,"born_in_chaos_v1:scarlet_persecutor":13,"minecraft:skeleton":54,"minecraft:chicken":1,"born_in_chaos_v1:skeleton_thrasher":7,"born_in_chaos_v1:supreme_bonescaller_stage_2":4,"born_in_chaos_v1:sir_pumpkinhead":1,"born_in_chaos_v1:bonescaller":10,"born_in_chaos_v1:supreme_bonescaller":3,"minecraft:zombie_villager":4,"born_in_chaos_v1:riding_lords_felsteed":1,"dungeons_mobs:wraith":11,"born_in_chaos_v1:senor_pumpkin":3,"minecraft:creeper":31,"dungeons_mobs:jungle_zombie":8,"minecraft:trader_llama":2,"born_in_chaos_v1:zombie_fisherman":3,"minecraft:zombie":57,"born_in_chaos_v1:dread_hound":42,"born_in_chaos_v1:corpse_fly":120,"minecraft:stray":5,"alexsmobs:roadrunner":1,"alexsmobs:fly":4,"born_in_chaos_v1:door_knight":9,"dungeons_mobs:wavewhisperer":1,"dungeons_mobs:poison_quill_vine":1,"born_in_chaos_v1:siamese_skeletonsleft":9,"alexsmobs:jerboa":2,"born_in_chaos_v1:lords_felsteed":1,"born_in_chaos_v1:missioner":1,"alexsmobs:tarantula_hawk":2,"all_bark_all_bite:dog":2,"dungeons_mobs:mossy_skeleton":2,"born_in_chaos_v1:lord_pumpkinhead_head":1,"born_in_chaos_v1:skeleton_thrasher_not_despawn":1,"born_in_chaos_v1:zombie_bruiser":25,"born_in_chaos_v1:firelight":1,"alexsmobs:gorilla":1,"born_in_chaos_v1:maggot":134,"minecraft:phantom":3,"born_in_chaos_v1:pumpkinhead":1,"minecraft:horse":5,"born_in_chaos_v1:dire_hound_leader":3,"born_in_chaos_v1:lord_pumpkinhead":1,"dungeons_mobs:frozen_zombie":1,"born_in_chaos_v1:corpse_fish":3,"minecraft:drowned":1,"born_in_chaos_v1:siamese_skeletons":2,"born_in_chaos_v1:barrel_zombie":2,"born_in_chaos_v1:fallen_chaos_knight":6,"born_in_chaos_v1:spirit_guide":8,"minecraft:husk":96,"born_in_chaos_v1:felsteed":1,"alexsmobs:guster":8,"born_in_chaos_v1:bone_imp_minion":19,"born_in_chaos_v1:baby_skeleton":16,"born_in_chaos_v1:swarmer":22,"born_in_chaos_v1:spirit_guide_assistant":19,"minecraft:wandering_trader":1,"dungeons_mobs:whisperer":2,"born_in_chaos_v1:decrepit_skeleton":56,"born_in_chaos_v1:phantom_creeper_copy":3,"born_in_chaos_v1:bloody_gadfly":7,"born_in_chaos_v1:decaying_zombie":5,"born_in_chaos_v1:lord_pumpkinhead_withouta_horse":1,"born_in_chaos_v1:bonescaller_not_despawn":2,"born_in_chaos_v1:dark_vortex":3,"dungeons_mobs:sunken_skeleton":1,"dungeons_mobs:necromancer":2,"minecraft:enderman":3},"minecraft:broken":{"dungeons_gear:battlestaff_of_terror":1},"minecraft:picked_up":{"minecraft:prismarine_shard":2,"minecraft:lead":2,"dungeons_gear:grave_bane":2,"minecraft:potion":1,"dungeons_gear:vine_whip":1,"dungeons_gear:freezing_foil":2,"born_in_chaos_v1:holiday_candy":60,"minecraft:string":47,"born_in_chaos_v1:mesh_door":1,"dungeons_gear:the_last_laugh":1,"dungeons_gear:opulent_chestplate":1,"dungeons_gear:stormlander":2,"minecraft:diamond_leggings":4,"minecraft:azalea":1,"dungeons_gear:golem_kit":1,"minecraft:mangrove_log":16,"born_in_chaos_v1:soulbane":1,"minecraft:tipped_arrow":7,"minecraft:stick":7,"born_in_chaos_v1:shattered_skull":17,"dungeons_gear:gauntlet":1,"born_in_chaos_v1:senor_pumpkin_spawn_egg":1,"minecraft:acacia_log":5,"born_in_chaos_v1:phantom_powder":5,"alexsmobs:shark_tooth_arrow":1,"born_in_chaos_v1:flaming_evil_pumpkin":1,"born_in_chaos_v1:pileof_dark_metal":1,"dungeons_gear:fighters_binding":1,"born_in_chaos_v1:nightmare_claw":1,"minecraft:vine":10,"minecraft:zombie_spawn_egg":1,"minecraft:cactus":2,"minecraft:rotten_flesh":585,"born_in_chaos_v1:magical_holiday_candy":27,"born_in_chaos_v1:lord_pumpkinheads_lamp":1,"minecraft:tropical_fish":1,"dungeons_gear:shear_dagger":2,"minecraft:carved_pumpkin":1,"minecraft:netherite_chestplate":3,"minecraft:birch_log":4,"minecraft:feather":1,"minecraft:jungle_log":14,"minecraft:potato":5,"minecraft:netherite_leggings":3,"dungeons_gear:great_axeblade":2,"minecraft:lapis_lazuli":2,"dungeons_gear:hammer_of_gravity":3,"minecraft:lantern":1,"dungeons_gear:frost_slayer":1,"born_in_chaos_v1:pumpkin_pistol":1,"born_in_chaos_v1:monster_skin":37,"born_in_chaos_v1:marigolds":24,"minecraft:bone":303,"dungeons_gear:nightmares_bite":2,"minecraft:bow":5,"minecraft:wheat_seeds":1,"dungeons_gear:fang_of_frost":1,"minecraft:diamond_helmet":4,"minecraft:honeycomb":6,"dungeons_gear:bone_cudgel":1,"born_in_chaos_v1:sir_pumpkinhead_spawn_egg":1,"minecraft:poisonous_potato":1,"minecraft:sand":242,"dungeons_gear:red_snake":1,"dungeons_gear:opulent_leggings":2,"born_in_chaos_v1:missioner_spawn_egg":1,"minecraft:spectral_arrow":1,"minecraft:dark_oak_log":13,"born_in_chaos_v1:supreme_measure":2,"dungeons_gear:ice_wand":1,"alexsmobs:guster_eye":1,"minecraft:sugar":2,"born_in_chaos_v1:fire_dust":6,"minecraft:netherite_helmet":3,"minecraft:bone_meal":1,"alexsmobs:tarantula_hawk_wing_fragment":4,"born_in_chaos_v1:mr_pumpkin_spawn_egg":1,"minecraft:golden_apple":165,"minecraft:emerald":24,"alexsmobs:maggot":4,"born_in_chaos_v1:rotten_fish":3,"dungeons_gear:sparkler":1,"minecraft:diamond_pickaxe":1,"minecraft:charcoal":2,"born_in_chaos_v1:diamond_termite_shard":1,"minecraft:clay_ball":2,"born_in_chaos_v1:seedof_chaos":16,"alexsmobs:roadrunner_feather":1,"born_in_chaos_v1:decrepit_skeleton_spawn_egg":1,"minecraft:chain":1,"minecraft:shield":3,"dungeons_gear:power_bow":1,"born_in_chaos_v1:intoxicating_decoction":15,"minecraft:item_frame":1,"dungeons_gear:corrupted_beacon":1,"dungeons_gear:whispering_spear":1,"born_in_chaos_v1:gnawed_bones":8,"minecraft:sugar_cane":7,"minecraft:chest":1,"minecraft:phantom_membrane":2,"born_in_chaos_v1:hound_trap":4,"minecraft:fire_charge":5,"dungeons_gear:great_hammer":1,"dungeons_gear:dagger":3,"born_in_chaos_v1:pieceofdarkmetal":58,"minecraft:carrot":7,"born_in_chaos_v1:charmof_endurance":2,"minecraft:redstone":2,"minecraft:prismarine_crystals":2,"dungeons_mobs:royal_guard_chestplate":1,"minecraft:arrow":78,"minecraft:diamond_chestplate":4,"born_in_chaos_v1:wood_splitter_axe":2,"minecraft:diamond_boots":5,"minecraft:hay_block":1,"dungeons_gear:updraft_tome":1,"dungeons_gear:masters_katana":1,"born_in_chaos_v1:fused_bone":25,"born_in_chaos_v1:corpse_maggot":251,"minecraft:netherite_boots":3,"minecraft:golden_carrot":99,"born_in_chaos_v1:monster_flesh":49,"born_in_chaos_v1:pumpkin_staff":2,"minecraft:salmon":3,"minecraft:leather":5,"minecraft:oak_log":23,"minecraft:golden_boots":1,"minecraft:gunpowder":47,"dungeons_gear:ember_robes_helmet":1,"dungeons_gear:soul_fist":4,"dungeons_gear:encrusted_anchor":1,"born_in_chaos_v1:soul_cutlass":2,"minecraft:kelp":5,"dungeons_gear:battlestaff_of_terror":3,"dungeons_gear:truthseeker":1,"minecraft:iron_ingot":34,"born_in_chaos_v1:lord_pumpkinhead_spawn_egg":1,"dungeons_gear:reinforced_mail_chestplate":1,"dungeons_gear:ember_robes_leggings":1,"born_in_chaos_v1:death_totem":1,"born_in_chaos_v1:orbofthe_summoner":4,"born_in_chaos_v1:ethereal_spirit":53,"minecraft:dandelion":1,"born_in_chaos_v1:dark_rod":4,"dungeons_gear:broadsword":1,"born_in_chaos_v1:fangofthe_hound_leader":3,"dungeons_gear:soul_lantern":1,"minecraft:spruce_log":11,"minecraft:spider_eye":19,"dungeons_gear:opulent_helmet":1,"dungeons_gear:ember_robes_boots":1,"dungeons_gear:ember_robes_chestplate":1,"dungeons_gear:moon_dagger":1,"minecraft:slime_ball":16,"minecraft:chainmail_leggings":1,"dungeons_gear:bee_stinger":2,"born_in_chaos_v1:nightmare_stalker_spawn_egg":1,"dungeons_gear:opulent_boots":1,"minecraft:coal":2,"minecraft:ender_pearl":4},"minecraft:custom":{"minecraft:open_barrel":4,"minecraft:leave_game":10,"minecraft:time_since_death":2812,"minecraft:damage_resisted":248,"minecraft:sprint_one_cm":740805,"minecraft:drop":95,"minecraft:play_time":493594,"minecraft:deaths":9,"minecraft:jump":3552,"minecraft:walk_on_water_one_cm":132394,"minecraft:sleep_in_bed":2,"minecraft:damage_dealt":211416,"minecraft:crouch_one_cm":4977,"minecraft:mob_kills":1085,"minecraft:interact_with_anvil":5,"minecraft:damage_dealt_resisted":122796,"minecraft:climb_one_cm":4214,"minecraft:walk_one_cm":1281347,"minecraft:sneak_time":5780,"minecraft:walk_under_water_one_cm":282475,"minecraft:total_world_time":493594,"minecraft:time_since_rest":2877,"minecraft:damage_taken":16524,"minecraft:damage_absorbed":2663,"minecraft:swim_one_cm":44405,"minecraft:fly_one_cm":3168642,"minecraft:open_chest":66,"minecraft:fall_one_cm":45239}},"DataVersion":3120}