{"stats":{"minecraft:killed":{"minecraft:husk":3,"alexsmobs:gorilla":3},"minecraft:custom":{"minecraft:time_since_rest":37655,"minecraft:open_chest":12,"minecraft:crouch_one_cm":335,"minecraft:play_time":38916,"minecraft:sprint_one_cm":46185,"minecraft:inspect_dropper":6,"minecraft:walk_one_cm":84736,"minecraft:damage_taken":445,"minecraft:deaths":1,"minecraft:sneak_time":766,"minecraft:trigger_trapped_chest":3,"minecraft:walk_under_water_one_cm":213,"minecraft:mob_kills":7,"minecraft:drop":8,"minecraft:interact_with_lectern":2,"minecraft:jump":177,"minecraft:damage_dealt":1751,"minecraft:walk_on_water_one_cm":1938,"minecraft:time_since_death":37606,"minecraft:climb_one_cm":577,"minecraft:total_world_time":38916,"minecraft:tune_noteblock":35,"minecraft:fly_one_cm":486996,"minecraft:target_hit":9,"minecraft:inspect_dispenser":4,"minecraft:open_barrel":2},"minecraft:used":{"minecraft:rotten_flesh":1,"minecraft:golden_apple":1,"minecraft:firework_rocket":1,"minecraft:bow":17,"alexsmobs:spawn_egg_gorilla":3,"minecraft:crossbow":8,"minecraft:netherite_axe":22,"minecraft:infested_cobblestone":1},"minecraft:killed_by":{"minecraft:zombie":1},"minecraft:picked_up":{"minecraft:rotten_flesh":4,"alexsmobs:banana":1,"minecraft:golden_apple":64,"minecraft:trident":1,"alexsmobs:animal_dictionary":1},"minecraft:dropped":{"minecraft:trident":1,"alexsmobs:banana":6,"minecraft:golden_apple":64}},"DataVersion":3465}