{"stats":{"minecraft:used":{"minecraft:torch":5,"minecraft:yellow_banner":1,"minecraft:bow":21,"minecraft:flint_and_steel":5,"alexsmobs:animal_dictionary":1,"minecraft:cut_sandstone":13,"minecraft:orange_candle":1},"minecraft:custom":{"minecraft:open_barrel":17,"minecraft:time_since_rest":50220,"minecraft:open_chest":30,"minecraft:crouch_one_cm":485,"minecraft:sprint_one_cm":123242,"minecraft:play_time":50220,"minecraft:damage_taken":160,"minecraft:walk_one_cm":140913,"minecraft:sneak_time":635,"minecraft:trigger_trapped_chest":2,"minecraft:drop":1,"minecraft:jump":240,"minecraft:eat_cake_slice":7,"minecraft:walk_on_water_one_cm":567,"minecraft:leave_game":4,"minecraft:time_since_death":50220,"minecraft:climb_one_cm":916,"minecraft:total_world_time":50220,"minecraft:fly_one_cm":295714,"minecraft:target_hit":17,"minecraft:inspect_dispenser":4},"minecraft:dropped":{"minecraft:flint_and_steel":1},"minecraft:picked_up":{"minecraft:flint_and_steel":1,"minecraft:bone":4,"minecraft:rotten_flesh":1,"minecraft:torch":3,"minecraft:sand":4,"minecraft:birch_sign":73,"minecraft:enchanted_golden_apple":1,"minecraft:gold_ingot":5,"minecraft:emerald":5,"minecraft:golden_sword":1,"minecraft:gunpowder":3}},"DataVersion":3465}