{"stats":{"minecraft:picked_up":{"minecraft:mud":1,"minecraft:basalt":46,"minecraft:quartz":2,"minecraft:brown_mushroom":2,"minecraft:gravel":5,"minecraft:flint":1,"minecraft:gunpowder":4,"minecraft:spider_eye":1,"minecraft:string":2,"minecraft:moss_carpet":1,"minecraft:arrow":3,"minecraft:bone":3,"minecraft:rotten_flesh":7,"minecraft:sugar":2,"minecraft:mangrove_roots":2,"minecraft:skeleton_skull":1},"minecraft:killed":{"minecraft:skeleton":4,"minecraft:magma_cube":10,"minecraft:zombie":6,"minecraft:zombified_piglin":1,"minecraft:witch":1,"alexsmobs:straddler":2,"minecraft:silverfish":9,"minecraft:spider":2,"alexsmobs:stradpole":2,"minecraft:creeper":2,"endermanoverhaul:savanna_enderman":1,"minecraft:enderman":1},"minecraft:dropped":{"minecraft:water_bucket":1},"minecraft:custom":{"minecraft:time_since_rest":34774,"minecraft:damage_absorbed":40,"minecraft:sprint_one_cm":91249,"minecraft:inspect_dropper":10,"minecraft:damage_taken":1128,"minecraft:walk_one_cm":98884,"minecraft:trigger_trapped_chest":2,"minecraft:mob_kills":41,"minecraft:drop":1,"minecraft:inspect_hopper":2,"minecraft:damage_dealt":5802,"minecraft:tune_noteblock":2,"minecraft:fly_one_cm":557863,"minecraft:open_barrel":5,"minecraft:open_chest":9,"minecraft:fill_cauldron":6,"minecraft:crouch_one_cm":1598,"minecraft:play_time":57305,"minecraft:sneak_time":1754,"minecraft:walk_under_water_one_cm":1468,"minecraft:jump":367,"minecraft:interact_with_brewingstand":1,"minecraft:leave_game":1,"minecraft:time_since_death":57305,"minecraft:walk_on_water_one_cm":3152,"minecraft:sleep_in_bed":2,"minecraft:climb_one_cm":324,"minecraft:total_world_time":57305,"minecraft:fall_one_cm":12892,"minecraft:use_cauldron":4,"minecraft:inspect_dispenser":13},"minecraft:used":{"minecraft:water_bucket":9,"minecraft:diamond_pickaxe":48,"minecraft:diamond_boots":1,"minecraft:lava_bucket":2,"minecraft:flint_and_steel":2,"minecraft:baked_potato":11,"minecraft:brown_mushroom":1,"minecraft:basalt":25,"minecraft:gravel":3,"minecraft:golden_apple":1,"minecraft:fire_charge":1,"minecraft:diamond_chestplate":1,"minecraft:diamond_sword":103,"minecraft:torch":23,"minecraft:golden_carrot":1,"minecraft:mangrove_roots":1,"minecraft:pumpkin_pie":8,"minecraft:bucket":9,"minecraft:diamond_helmet":1,"alexsmobs:animal_dictionary":1,"minecraft:diamond_leggings":1,"minecraft:obsidian":14},"minecraft:mined":{"minecraft:skeleton_skull":1,"minecraft:brown_mushroom":1,"minecraft:mud":1,"minecraft:fire":2,"minecraft:basalt":44,"minecraft:mangrove_roots":2,"minecraft:infested_cobblestone":7,"minecraft:vine":1,"minecraft:gravel":6,"minecraft:nether_quartz_ore":2,"minecraft:netherrack":1,"minecraft:wall_torch":1}},"DataVersion":3465}