{"stats":{"minecraft:killed":{"minecraft:husk":3,"minecraft:ravager":1,"alexsmobs:gorilla":3},"minecraft:mined":{"minecraft:tall_seagrass":3},"minecraft:custom":{"minecraft:time_since_rest":360,"minecraft:inspect_dropper":6,"minecraft:sprint_one_cm":46652,"minecraft:damage_taken":625,"minecraft:walk_one_cm":91416,"minecraft:trigger_trapped_chest":3,"minecraft:mob_kills":10,"minecraft:drop":46,"minecraft:damage_dealt":1996,"minecraft:swim_one_cm":1990,"minecraft:target_hit":9,"minecraft:tune_noteblock":35,"minecraft:fly_one_cm":526035,"minecraft:open_barrel":2,"minecraft:open_chest":12,"minecraft:crouch_one_cm":335,"minecraft:play_time":46513,"minecraft:deaths":2,"minecraft:sneak_time":981,"minecraft:walk_under_water_one_cm":47868,"minecraft:interact_with_lectern":2,"minecraft:jump":190,"minecraft:leave_game":1,"minecraft:time_since_death":330,"minecraft:walk_on_water_one_cm":2882,"minecraft:total_world_time":46513,"minecraft:climb_one_cm":577,"minecraft:inspect_dispenser":4},"minecraft:used":{"minecraft:ravager_spawn_egg":2,"minecraft:firework_rocket":1,"alexsmobs:spawn_egg_gorilla":7,"minecraft:netherite_axe":24,"minecraft:rotten_flesh":1,"minecraft:golden_apple":1,"minecraft:bow":17,"minecraft:infested_cobblestone":1,"minecraft:crossbow":8,"minecraft:pillager_spawn_egg":1},"minecraft:killed_by":{"minecraft:guardian":1,"minecraft:zombie":1},"minecraft:picked_up":{"minecraft:trident":1,"alexsmobs:animal_dictionary":1,"minecraft:rotten_flesh":4,"alexsmobs:banana":5,"minecraft:golden_apple":64},"minecraft:dropped":{"minecraft:trident":1,"alexsmobs:banana":44,"minecraft:golden_apple":64}},"DataVersion":3465}