{"stats":{"minecraft:picked_up":{"minecraft:tipped_arrow":1,"minecraft:iron_chestplate":1,"alexsmobs:bison_fur":1,"minecraft:spruce_log":1,"minecraft:gunpowder":3,"minecraft:spider_eye":2,"minecraft:string":5,"alexsmobs:ancient_dart":1,"minecraft:iron_leggings":1,"minecraft:bone":9,"minecraft:arrow":9,"minecraft:rotten_flesh":14,"alexsmobs:banana":18,"minecraft:iron_helmet":1,"minecraft:iron_ingot":1,"minecraft:beef":8,"minecraft:white_wool":11,"minecraft:snowball":26,"alexsmobs:banana_peel":13,"minecraft:iron_boots":1},"minecraft:used":{"creeperoverhaul:jungle_creeper_spawn_egg":5,"minecraft:trident":30,"alexsmobs:spawn_egg_gorilla":1,"creeperoverhaul:bamboo_creeper_spawn_egg":1,"minecraft:diamond_sword":95,"creeperoverhaul:beach_creeper_spawn_egg":1,"alexsmobs:spawn_egg_capuchin_monkey":3,"alexsmobs:banana":6,"minecraft:enchanted_golden_apple":9,"creeperoverhaul:spruce_creeper_spawn_egg":1},"minecraft:killed":{"creeperoverhaul:snowy_creeper":6,"minecraft:skeleton":2,"minecraft:zombie":25,"creeperoverhaul:jungle_creeper":4,"creeperoverhaul:spruce_creeper":1,"alexsmobs:crow":1,"minecraft:creeper":1},"minecraft:custom":{"minecraft:time_since_rest":41484,"minecraft:sprint_one_cm":88314,"minecraft:damage_absorbed":1180,"minecraft:damage_taken":1089,"minecraft:walk_one_cm":91849,"minecraft:mob_kills":65,"minecraft:drop":74,"minecraft:damage_dealt":8010,"minecraft:fly_one_cm":754618,"minecraft:open_barrel":1,"minecraft:open_chest":12,"minecraft:crouch_one_cm":531,"minecraft:play_time":41484,"minecraft:sneak_time":1192,"minecraft:walk_under_water_one_cm":2396,"minecraft:jump":245,"minecraft:leave_game":1,"minecraft:walk_on_water_one_cm":658,"minecraft:time_since_death":41484,"minecraft:total_world_time":41484,"minecraft:damage_resisted":442,"minecraft:fall_one_cm":20304},"minecraft:dropped":{"minecraft:iron_chestplate":1,"minecraft:iron_helmet":1,"minecraft:iron_leggings":1,"minecraft:iron_boots":1,"alexsmobs:ancient_dart":1,"alexsmobs:banana":69}},"DataVersion":3465}