{"stats":{"minecraft:used":{"alexsmobs:animal_dictionary":1,"minecraft:yellow_banner":1,"minecraft:cut_sandstone":13,"minecraft:bow":17,"minecraft:flint_and_steel":2,"minecraft:orange_candle":1},"minecraft:custom":{"minecraft:open_barrel":11,"minecraft:open_chest":14,"minecraft:time_since_rest":38220,"minecraft:crouch_one_cm":125,"minecraft:leave_game":4,"minecraft:play_time":38220,"minecraft:sprint_one_cm":110371,"minecraft:time_since_death":38220,"minecraft:walk_one_cm":114342,"minecraft:trigger_trapped_chest":2,"minecraft:sneak_time":406,"minecraft:total_world_time":38220,"minecraft:climb_one_cm":916,"minecraft:target_hit":17,"minecraft:fly_one_cm":174450,"minecraft:inspect_dispenser":4,"minecraft:jump":174},"minecraft:picked_up":{"minecraft:birch_sign":73}},"DataVersion":3465}