{"stats":{"minecraft:custom":{"minecraft:mob_kills":26,"minecraft:leave_game":4,"minecraft:time_since_death":0,"minecraft:damage_resisted":1002,"minecraft:time_since_rest":86,"minecraft:sprint_one_cm":102050,"minecraft:walk_one_cm":203694,"minecraft:damage_taken":2666,"minecraft:damage_absorbed":1974,"minecraft:damage_blocked_by_shield":450,"minecraft:drop":112,"minecraft:damage_dealt":5940,"minecraft:fly_one_cm":239063,"minecraft:open_chest":1,"minecraft:play_time":35992,"minecraft:deaths":2,"minecraft:sneak_time":94,"minecraft:jump":344,"minecraft:total_world_time":35992,"minecraft:fall_one_cm":9084},"minecraft:mined":{"minecraft:grass":6},"minecraft:used":{"dungeons_gear:whirlwind":6,"dungeons_mobs:royal_guard_shield":7,"alexsmobs:spawn_egg_tiger":2,"dungeons_mobs:royal_guard_spawn_egg":13,"dungeons_gear:encrusted_anchor":18,"alexsmobs:spawn_egg_bone_serpent":1,"minecraft:dirt":4,"dungeons_gear:hammer_of_gravity":59,"dungeons_mobs:squall_golem_spawn_egg":2,"minecraft:jungle_sapling":8,"alexsmobs:spawn_egg_gorilla":4,"dungeons_mobs:leapleaf_spawn_egg":8,"alexsmobs:spawn_egg_rhinoceros":2,"dungeons_gear:suns_grace":5,"alexsmobs:animal_dictionary":1,"minecraft:bone_meal":58,"minecraft:enchanted_golden_apple":15},"minecraft:picked_up":{"dungeons_gear:dark_chestplate":2,"minecraft:wheat":4,"minecraft:feather":1,"minecraft:leather":6,"dungeons_mobs:royal_guard_spawn_egg":53,"minecraft:lead":3,"minecraft:gunpowder":4,"minecraft:string":6,"dungeons_gear:hammer_of_gravity":1,"minecraft:dirt":1,"dungeons_gear:encrusted_anchor":1,"minecraft:bone":15,"minecraft:wheat_seeds":1,"dungeons_gear:dark_leggings":2,"alexsmobs:banana":21,"dungeons_gear:dark_helmet":1,"minecraft:iron_ingot":6,"minecraft:jungle_sapling":1,"minecraft:enchanted_golden_apple":50,"dungeons_gear:dark_boots":2,"dungeons_mobs:royal_guard_helmet":2,"minecraft:porkchop":26,"dungeons_mobs:royal_guard_leggings":3,"dungeons_mobs:leapleaf_spawn_egg":58,"minecraft:grass_block":2,"dungeons_mobs:royal_guard_shield":2,"minecraft:spider_eye":4,"alexsmobs:animal_dictionary":1,"minecraft:jungle_leaves":12,"dungeons_mobs:royal_guard_chestplate":4,"minecraft:arrow":4,"minecraft:rotten_flesh":14,"alexsmobs:spawn_egg_bone_serpent":1,"minecraft:gold_ingot":4,"minecraft:emerald":3,"minecraft:oak_leaves":51,"minecraft:bone_block":3,"minecraft:ender_pearl":2},"minecraft:killed_by":{"dungeons_mobs:leapleaf":2},"minecraft:broken":{"dungeons_mobs:royal_guard_chestplate":1,"dungeons_gear:dark_helmet":1},"minecraft:dropped":{"minecraft:porkchop":54,"dungeons_gear:dark_boots":1,"dungeons_gear:dark_helmet":1,"minecraft:wheat":2,"dungeons_gear:dark_leggings":1,"alexsmobs:banana":37,"dungeons_gear:dark_chestplate":1,"minecraft:oak_leaves":15},"minecraft:killed":{"alexsmobs:tiger":1,"dungeons_mobs:royal_guard":2,"minecraft:spider":4,"dungeons_mobs:wraith":2,"dungeons_mobs:leapleaf":2,"minecraft:creeper":1,"alexsmobs:gorilla":1,"minecraft:horse":1,"minecraft:skeleton":1,"minecraft:zombie":6,"minecraft:enderman":1}},"DataVersion":3120}