{"stats":{"minecraft:picked_up":{"minecraft:bone":3,"minecraft:arrow":4,"alexsmobs:banana":7,"alexsmobs:bison_fur":1,"minecraft:beef":8,"minecraft:gunpowder":3,"minecraft:spruce_log":1,"alexsmobs:banana_peel":3,"minecraft:snowball":26,"minecraft:white_wool":7},"minecraft:used":{"creeperoverhaul:jungle_creeper_spawn_egg":5,"alexsmobs:spawn_egg_capuchin_monkey":1,"minecraft:trident":30,"creeperoverhaul:beach_creeper_spawn_egg":1,"alexsmobs:spawn_egg_gorilla":1,"minecraft:enchanted_golden_apple":5,"creeperoverhaul:bamboo_creeper_spawn_egg":1,"creeperoverhaul:spruce_creeper_spawn_egg":1},"minecraft:killed":{"creeperoverhaul:snowy_creeper":6,"creeperoverhaul:spruce_creeper":1,"alexsmobs:crow":1,"creeperoverhaul:jungle_creeper":4},"minecraft:custom":{"minecraft:time_since_rest":16779,"minecraft:damage_absorbed":540,"minecraft:play_time":16779,"minecraft:sprint_one_cm":22752,"minecraft:damage_taken":615,"minecraft:walk_one_cm":35237,"minecraft:sneak_time":56,"minecraft:mob_kills":17,"minecraft:drop":36,"minecraft:jump":108,"minecraft:damage_dealt":2188,"minecraft:time_since_death":16779,"minecraft:walk_on_water_one_cm":76,"minecraft:total_world_time":16779,"minecraft:damage_resisted":240,"minecraft:open_chest":2,"minecraft:fall_one_cm":3450,"minecraft:fly_one_cm":260106},"minecraft:dropped":{"alexsmobs:banana":36}},"DataVersion":3465}