{"stats":{"minecraft:killed":{"minecraft:vex":1},"minecraft:mined":{"alexsmobs:triops_eggs":2,"minecraft:tall_grass":2},"minecraft:picked_up":{"minecraft:clay_ball":6,"minecraft:porkchop":6,"minecraft:sand":1,"minecraft:trident":1,"minecraft:gunpowder":4,"alexsmobs:animal_dictionary":1,"alexsmobs:kangaroo_hide":3,"minecraft:bone":2,"minecraft:diamond_chestplate":1,"minecraft:rotten_flesh":20,"alexsmobs:triops_eggs":2,"minecraft:wheat_seeds":1,"alexsmobs:banana":1,"minecraft:totem_of_undying":1,"alexsmobs:maggot":5,"minecraft:diamond_helmet":1,"alexsmobs:kangaroo_meat":3,"minecraft:ender_pearl":1},"minecraft:dropped":{"minecraft:porkchop":24,"alexsmobs:animal_dictionary":1,"alexsmobs:banana":11},"minecraft:custom":{"minecraft:time_since_rest":91855,"minecraft:sprint_one_cm":132995,"minecraft:walk_one_cm":142227,"minecraft:damage_taken":537,"minecraft:damage_absorbed":176,"minecraft:mob_kills":45,"minecraft:drop":36,"minecraft:damage_dealt":430,"minecraft:swim_one_cm":7109,"minecraft:fly_one_cm":1175870,"minecraft:open_barrel":1,"minecraft:open_chest":20,"minecraft:crouch_one_cm":344,"minecraft:play_time":91855,"minecraft:sneak_time":1032,"minecraft:walk_under_water_one_cm":32840,"minecraft:boat_one_cm":3144,"minecraft:jump":362,"minecraft:leave_game":4,"minecraft:walk_on_water_one_cm":4682,"minecraft:time_since_death":91855,"minecraft:total_world_time":91855,"minecraft:damage_resisted":82,"minecraft:fall_one_cm":2959},"minecraft:used":{"alexsmobs:spawn_egg_komodo_dragon":2,"minecraft:creeper_spawn_egg":2,"darkbread:gold_bread":1,"alexsmobs:rocky_chestplate":2,"minecraft:bamboo_raft":1,"alexsmobs:spawn_egg_platypus":1,"minecraft:firework_rocket":1,"alexsmobs:spawn_egg_gorilla":1,"minecraft:armor_stand":4,"minecraft:redstone":2,"alexsmobs:spawn_egg_tiger":3,"minecraft:zombie_spawn_egg":10,"darkbread:pog_bread":1,"alexsmobs:void_worm_effigy":3,"alexsmobs:spawn_egg_bald_eagle":2,"minecraft:evoker_spawn_egg":3,"alexsmobs:spawn_egg_rhinoceros":2,"alexsmobs:spawn_egg_gelada_monkey":3,"minecraft:bamboo_chest_raft":1,"minecraft:carrot":13,"minecraft:crossbow":2,"alexsmobs:animal_dictionary":8,"minecraft:husk_spawn_egg":9,"minecraft:snowball":21,"alexsmobs:fish_oil":2,"minecraft:enchanted_golden_apple":5,"alexsmobs:spawn_egg_kangaroo":3,"minecraft:splash_potion":22}},"DataVersion":3465}