{"stats":{"minecraft:picked_up":{"minecraft:mud":1,"minecraft:gravel":5,"minecraft:flint":1,"minecraft:gunpowder":4,"minecraft:spider_eye":1,"minecraft:string":2,"minecraft:moss_carpet":1,"minecraft:arrow":3,"minecraft:bone":3,"minecraft:rotten_flesh":6,"minecraft:sugar":2,"minecraft:mangrove_roots":2,"minecraft:skeleton_skull":1},"minecraft:killed":{"minecraft:skeleton":4,"minecraft:zombie":6,"minecraft:witch":1,"minecraft:silverfish":9,"minecraft:spider":2,"minecraft:creeper":2,"endermanoverhaul:savanna_enderman":1,"minecraft:enderman":1},"minecraft:dropped":{"minecraft:water_bucket":1},"minecraft:custom":{"minecraft:time_since_rest":22774,"minecraft:sprint_one_cm":76251,"minecraft:inspect_dropper":10,"minecraft:damage_taken":500,"minecraft:walk_one_cm":79685,"minecraft:trigger_trapped_chest":2,"minecraft:mob_kills":26,"minecraft:drop":1,"minecraft:inspect_hopper":2,"minecraft:damage_dealt":4669,"minecraft:tune_noteblock":2,"minecraft:fly_one_cm":469027,"minecraft:open_barrel":5,"minecraft:open_chest":9,"minecraft:fill_cauldron":6,"minecraft:crouch_one_cm":89,"minecraft:play_time":45305,"minecraft:sneak_time":939,"minecraft:walk_under_water_one_cm":1468,"minecraft:jump":211,"minecraft:interact_with_brewingstand":1,"minecraft:leave_game":1,"minecraft:time_since_death":45305,"minecraft:walk_on_water_one_cm":1600,"minecraft:sleep_in_bed":2,"minecraft:climb_one_cm":324,"minecraft:total_world_time":45305,"minecraft:fall_one_cm":4525,"minecraft:use_cauldron":4,"minecraft:inspect_dispenser":13},"minecraft:used":{"minecraft:water_bucket":5,"minecraft:lava_bucket":2,"minecraft:flint_and_steel":2,"minecraft:baked_potato":11,"minecraft:gravel":3,"minecraft:diamond_sword":77,"minecraft:torch":23,"minecraft:mangrove_roots":1,"minecraft:bucket":6,"alexsmobs:animal_dictionary":1},"minecraft:mined":{"minecraft:skeleton_skull":1,"minecraft:mud":1,"minecraft:mangrove_roots":2,"minecraft:infested_cobblestone":7,"minecraft:vine":1,"minecraft:gravel":6,"minecraft:wall_torch":1}},"DataVersion":3465}