{"stats":{"minecraft:killed":{"minecraft:pig":2,"creeperoverhaul:spruce_creeper":1,"alexsmobs:raccoon":1,"minecraft:spider":4,"minecraft:creeper":6,"creeperoverhaul:snowy_creeper":6,"minecraft:sheep":2,"minecraft:skeleton":8,"minecraft:pillager":1,"minecraft:zombie":31,"alexsmobs:crocodile":1,"minecraft:chicken":1,"alexsmobs:capuchin_monkey":6,"creeperoverhaul:jungle_creeper":4,"creeperoverhaul:cave_creeper":1,"minecraft:drowned":1,"alexsmobs:crow":2,"mca:female_villager":3,"minecraft:enderman":1,"minecraft:cow":3},"minecraft:used":{"creeperoverhaul:jungle_creeper_spawn_egg":5,"creeperoverhaul:dark_oak_creeper_spawn_egg":1,"minecraft:trident":46,"minecraft:netherite_sword":7,"creeperoverhaul:cave_creeper_spawn_egg":2,"alexsmobs:spawn_egg_toucan":9,"creeperoverhaul:desert_creeper_spawn_egg":1,"creeperoverhaul:bamboo_creeper_spawn_egg":4,"alexsmobs:spawn_egg_capuchin_monkey":10,"minecraft:dirt":5,"minecraft:magenta_bed":3,"alexsmobs:spawn_egg_crocodile":2,"mca:female_villager_spawn_egg":12,"creeperoverhaul:hills_creeper_spawn_egg":2,"minecraft:diamond_helmet":1,"minecraft:lingering_potion":148,"alexsmobs:leafcutter_ant_pupa":2,"minecraft:azure_bluet":1,"alexsmobs:spawn_egg_kangaroo":1,"minecraft:milk_bucket":1,"creeperoverhaul:spruce_creeper_spawn_egg":2,"minecraft:jungle_sapling":20,"minecraft:cornflower":1,"alexsmobs:spawn_egg_gorilla":1,"alexsmobs:moose_headgear":4,"minecraft:pink_bed":2,"creeperoverhaul:beach_creeper_spawn_egg":1,"minecraft:diamond_sword":191,"alexsmobs:banana":8,"minecraft:yellow_bed":3,"alexsmobs:leafcutter_ant_chamber":2,"minecraft:diamond_leggings":1,"minecraft:bone_meal":24,"minecraft:enchanted_golden_apple":16},"minecraft:picked_up":{"minecraft:nautilus_shell":1,"minecraft:iron_chestplate":1,"minecraft:wheat":1,"minecraft:feather":2,"minecraft:chicken":1,"minecraft:brown_wool":1,"minecraft:leather":3,"alexsmobs:bison_fur":1,"minecraft:gunpowder":22,"minecraft:cornflower":3,"minecraft:dirt":21,"minecraft:string":11,"alexsmobs:ancient_dart":2,"minecraft:iron_leggings":2,"minecraft:bone":22,"minecraft:apple":3,"minecraft:bow":1,"mca:engagement_ring":1,"alexsmobs:banana":22,"minecraft:iron_ingot":1,"minecraft:beef":12,"minecraft:bamboo":2,"minecraft:enchanted_golden_apple":2,"alexsmobs:banana_peel":16,"minecraft:iron_boots":1,"minecraft:tipped_arrow":1,"minecraft:stone":4,"minecraft:porkchop":2,"minecraft:carrot":1,"minecraft:spruce_log":2,"minecraft:spider_eye":3,"alexsmobs:crocodile_scute":2,"minecraft:rotten_flesh":28,"minecraft:arrow":19,"minecraft:cactus":2,"minecraft:iron_helmet":1,"minecraft:mutton":3,"minecraft:snowball":26,"minecraft:white_wool":12,"minecraft:ender_pearl":1},"minecraft:custom":{"minecraft:mob_kills":159,"minecraft:animals_bred":1,"minecraft:interact_with_cartography_table":1,"minecraft:open_barrel":1,"minecraft:interact_with_grindstone":1,"minecraft:leave_game":4,"minecraft:time_since_death":244961,"minecraft:sleep_in_bed":5,"minecraft:climb_one_cm":429,"minecraft:damage_resisted":708,"minecraft:time_since_rest":106997,"minecraft:damage_absorbed":1583,"minecraft:sprint_one_cm":220552,"minecraft:damage_taken":2041,"minecraft:walk_one_cm":239152,"minecraft:drop":116,"minecraft:damage_dealt":16542,"minecraft:swim_one_cm":16420,"minecraft:talked_to_villager":17,"minecraft:fly_one_cm":2860418,"minecraft:open_chest":17,"minecraft:crouch_one_cm":1613,"minecraft:play_time":244961,"minecraft:sneak_time":2535,"minecraft:walk_under_water_one_cm":28350,"minecraft:jump":944,"minecraft:walk_on_water_one_cm":10630,"minecraft:total_world_time":244961,"minecraft:fall_one_cm":22481},"minecraft:mined":{"alexsmobs:crocodile_egg":1},"minecraft:dropped":{"minecraft:iron_helmet":2,"minecraft:iron_boots":1,"minecraft:enchanted_golden_apple":1,"alexsmobs:ancient_dart":1,"mca:engagement_ring":1,"minecraft:iron_chestplate":2,"minecraft:iron_leggings":3,"minecraft:jungle_sapling":1,"alexsmobs:banana":103,"alexsmobs:spawn_egg_bone_serpent":1}},"DataVersion":3465}