{
  "minecraft:recipes/transportation/mangrove_boat": {
    "criteria": {
      "in_water": "2024-08-03 15:28:23 +0000"
    },
    "done": true
  },
  "minecraft:husbandry/tame_an_animal": {
    "criteria": {
      "tamed_animal": "2024-08-03 15:43:30 +0000"
    },
    "done": true
  },
  "alexsmobs:alexsmobs/banana": {
    "criteria": {
      "banana": "2024-08-03 15:42:40 +0000"
    },
    "done": true
  },
  "betterdeserttemples:temple_entry": {
    "criteria": {
      "in_better_desert_temple": "2024-08-03 15:15:41 +0000"
    },
    "done": true
  },
  "minecraft:adventure/shoot_arrow": {
    "criteria": {
      "shot_arrow": "2024-08-03 15:18:30 +0000"
    },
    "done": true
  },
  "minecraft:recipes/decorations/crafting_table": {
    "criteria": {
      "unlock_right_away": "2024-08-03 15:11:46 +0000"
    },
    "done": true
  },
  "betterdungeons:all_dungeons": {
    "criteria": {
      "in_better_monster_room": "2024-08-03 15:34:19 +0000"
    },
    "done": false
  },
  "minecraft:recipes/redstone/dispenser": {
    "criteria": {
      "has_bow": "2024-08-03 15:16:58 +0000"
    },
    "done": true
  },
  "betterdeserttemples:temple_clear": {
    "criteria": {
      "pharaoh_killed": "2024-08-03 15:22:08 +0000"
    },
    "done": true
  },
  "minecraft:recipes/transportation/acacia_boat": {
    "criteria": {
      "in_water": "2024-08-03 15:28:23 +0000"
    },
    "done": true
  },
  "minecraft:recipes/transportation/cherry_boat": {
    "criteria": {
      "in_water": "2024-08-03 15:28:23 +0000"
    },
    "done": true
  },
  "minecraft:adventure/root": {
    "criteria": {
      "killed_by_something": "2024-08-03 15:12:50 +0000"
    },
    "done": true
  },
  "minecraft:adventure/kill_all_mobs": {
    "criteria": {
      "minecraft:pillager": "2024-08-03 15:44:52 +0000",
      "minecraft:ravager": "2024-08-03 15:45:25 +0000",
      "minecraft:husk": "2024-08-03 15:18:34 +0000"
    },
    "done": false
  },
  "betterdungeons:small_dungeon": {
    "criteria": {
      "in_better_monster_room": "2024-08-03 15:34:19 +0000"
    },
    "done": true
  },
  "betterdungeons:root": {
    "criteria": {
      "always": "2024-08-03 15:11:46 +0000"
    },
    "done": true
  },
  "minecraft:adventure/kill_a_mob": {
    "criteria": {
      "minecraft:husk": "2024-08-03 15:18:34 +0000"
    },
    "done": true
  },
  "minecraft:adventure/adventuring_time": {
    "criteria": {
      "minecraft:savanna_plateau": "2024-08-03 15:14:06 +0000",
      "minecraft:beach": "2024-08-03 15:13:39 +0000",
      "minecraft:stony_peaks": "2024-08-03 15:38:16 +0000",
      "minecraft:sparse_jungle": "2024-08-03 15:24:53 +0000",
      "minecraft:lukewarm_ocean": "2024-08-03 15:48:26 +0000",
      "minecraft:stony_shore": "2024-08-03 15:13:28 +0000",
      "minecraft:dripstone_caves": "2024-08-03 15:34:43 +0000",
      "minecraft:forest": "2024-08-03 15:35:34 +0000",
      "minecraft:lush_caves": "2024-08-03 15:49:36 +0000",
      "minecraft:desert": "2024-08-03 15:15:00 +0000",
      "minecraft:jungle": "2024-08-03 15:15:16 +0000",
      "minecraft:deep_lukewarm_ocean": "2024-08-03 15:49:01 +0000",
      "minecraft:deep_dark": "2024-08-03 15:35:35 +0000",
      "minecraft:savanna": "2024-08-03 15:13:25 +0000",
      "minecraft:plains": "2024-08-03 15:11:47 +0000"
    },
    "done": false
  },
  "alexsmobs:alexsmobs/tame_gorilla": {
    "criteria": {
      "tame": "2024-08-03 15:43:30 +0000"
    },
    "done": true
  },
  "minecraft:recipes/transportation/bamboo_raft": {
    "criteria": {
      "in_water": "2024-08-03 15:28:23 +0000"
    },
    "done": true
  },
  "minecraft:recipes/transportation/spruce_boat": {
    "criteria": {
      "in_water": "2024-08-03 15:28:23 +0000"
    },
    "done": true
  },
  "minecraft:husbandry/balanced_diet": {
    "criteria": {
      "golden_apple": "2024-08-03 15:27:30 +0000",
      "rotten_flesh": "2024-08-03 15:27:21 +0000"
    },
    "done": false
  },
  "minecraft:husbandry/root": {
    "criteria": {
      "consumed_item": "2024-08-03 15:27:21 +0000"
    },
    "done": true
  },
  "minecraft:recipes/transportation/birch_boat": {
    "criteria": {
      "in_water": "2024-08-03 15:28:23 +0000"
    },
    "done": true
  },
  "betterdeserttemples:root": {
    "criteria": {
      "always": "2024-08-03 15:11:46 +0000"
    },
    "done": true
  },
  "minecraft:recipes/transportation/oak_boat": {
    "criteria": {
      "in_water": "2024-08-03 15:28:23 +0000"
    },
    "done": true
  },
  "minecraft:adventure/ol_betsy": {
    "criteria": {
      "shot_crossbow": "2024-08-03 15:39:57 +0000"
    },
    "done": true
  },
  "minecraft:recipes/transportation/jungle_boat": {
    "criteria": {
      "in_water": "2024-08-03 15:28:23 +0000"
    },
    "done": true
  },
  "minecraft:recipes/transportation/dark_oak_boat": {
    "criteria": {
      "in_water": "2024-08-03 15:28:23 +0000"
    },
    "done": true
  },
  "DataVersion": 3465
}