{
  "minecraft:recipes/decorations/crafting_table": {
    "criteria": {
      "unlock_right_away": "2024-11-24 16:20:33 +0000"
    },
    "done": true
  },
  "biomesoplenty:recipes/misc/purple_dye_from_tall_lavender": {
    "criteria": {
      "has_flower": "2024-11-24 16:22:43 +0000"
    },
    "done": true
  },
  "biomesoplenty:biomesoplenty/all_biomes": {
    "criteria": {
      "shrubland": "2024-11-24 16:21:48 +0000",
      "highland": "2024-11-24 16:22:57 +0000",
      "orchard": "2024-11-24 16:22:55 +0000",
      "lavender_forest": "2024-11-24 16:22:11 +0000",
      "redwood_forest": "2024-11-24 16:21:38 +0000",
      "lavender_field": "2024-11-24 16:20:35 +0000"
    },
    "done": false
  },
  "betterdeserttemples:root": {
    "criteria": {
      "always": "2024-11-24 16:20:33 +0000"
    },
    "done": true
  },
  "biomesoplenty:biomesoplenty/root": {
    "criteria": {
      "lavender_field": "2024-11-24 16:20:35 +0000"
    },
    "done": true
  },
  "mca:root": {
    "criteria": {
      "village_plains": "2024-11-24 16:21:42 +0000"
    },
    "done": true
  },
  "mca:recipes/misc/bouquet": {
    "criteria": {
      "has_item": "2024-11-24 16:22:31 +0000"
    },
    "done": true
  },
  "betterdungeons:root": {
    "criteria": {
      "always": "2024-11-24 16:20:33 +0000"
    },
    "done": true
  },
  "minecraft:adventure/adventuring_time": {
    "criteria": {
      "minecraft:river": "2024-11-24 16:22:09 +0000"
    },
    "done": false
  },
  "biomesoplenty:recipes/misc/purple_dye_from_lavender": {
    "criteria": {
      "has_flower": "2024-11-24 16:22:31 +0000"
    },
    "done": true
  },
  "DataVersion": 3465
}