{
  "betterdeserttemples:temple_entry": {
    "criteria": {
      "in_better_desert_temple": "2024-08-03 15:15:41 +0000"
    },
    "done": true
  },
  "minecraft:adventure/shoot_arrow": {
    "criteria": {
      "shot_arrow": "2024-08-03 15:18:30 +0000"
    },
    "done": true
  },
  "minecraft:recipes/decorations/crafting_table": {
    "criteria": {
      "unlock_right_away": "2024-08-03 15:11:46 +0000"
    },
    "done": true
  },
  "minecraft:recipes/redstone/dispenser": {
    "criteria": {
      "has_bow": "2024-08-03 15:16:58 +0000"
    },
    "done": true
  },
  "betterdeserttemples:temple_clear": {
    "criteria": {
      "pharaoh_killed": "2024-08-03 15:22:08 +0000"
    },
    "done": true
  },
  "minecraft:adventure/root": {
    "criteria": {
      "killed_by_something": "2024-08-03 15:12:50 +0000"
    },
    "done": true
  },
  "minecraft:adventure/kill_all_mobs": {
    "criteria": {
      "minecraft:husk": "2024-08-03 15:18:34 +0000"
    },
    "done": false
  },
  "betterdungeons:root": {
    "criteria": {
      "always": "2024-08-03 15:11:46 +0000"
    },
    "done": true
  },
  "minecraft:adventure/kill_a_mob": {
    "criteria": {
      "minecraft:husk": "2024-08-03 15:18:34 +0000"
    },
    "done": true
  },
  "minecraft:adventure/adventuring_time": {
    "criteria": {
      "minecraft:savanna_plateau": "2024-08-03 15:14:06 +0000",
      "minecraft:beach": "2024-08-03 15:13:39 +0000",
      "minecraft:stony_shore": "2024-08-03 15:13:28 +0000",
      "minecraft:desert": "2024-08-03 15:15:00 +0000",
      "minecraft:jungle": "2024-08-03 15:15:16 +0000",
      "minecraft:savanna": "2024-08-03 15:13:25 +0000",
      "minecraft:plains": "2024-08-03 15:11:47 +0000"
    },
    "done": false
  },
  "betterdeserttemples:root": {
    "criteria": {
      "always": "2024-08-03 15:11:46 +0000"
    },
    "done": true
  },
  "DataVersion": 3465
}