{
  "minecraft:recipes/decorations/crafting_table": {
    "criteria": {
      "unlock_right_away": "2024-11-24 16:20:33 +0000"
    },
    "done": true
  },
  "betterdeserttemples:root": {
    "criteria": {
      "always": "2024-11-24 16:20:33 +0000"
    },
    "done": true
  },
  "betterdungeons:root": {
    "criteria": {
      "always": "2024-11-24 16:20:33 +0000"
    },
    "done": true
  },
  "biomesoplenty:biomesoplenty/all_biomes": {
    "criteria": {
      "woodland": "2024-11-24 16:23:49 +0000",
      "shrubland": "2024-11-24 16:21:48 +0000",
      "highland": "2024-11-24 16:22:57 +0000",
      "jade_cliffs": "2024-11-24 16:24:31 +0000",
      "old_growth_woodland": "2024-11-24 16:26:04 +0000",
      "orchard": "2024-11-24 16:22:55 +0000",
      "lavender_forest": "2024-11-24 16:22:11 +0000",
      "spider_nest": "2024-11-24 16:24:11 +0000",
      "redwood_forest": "2024-11-24 16:21:38 +0000",
      "volcano": "2024-11-24 16:26:24 +0000",
      "rocky_rainforest": "2024-11-24 21:24:19 +0000",
      "volcanic_plains": "2024-11-24 16:26:23 +0000",
      "lavender_field": "2024-11-24 16:20:35 +0000",
      "rainforest": "2024-11-24 21:24:49 +0000"
    },
    "done": false
  },
  "biomesoplenty:biomesoplenty/root": {
    "criteria": {
      "lavender_field": "2024-11-24 16:20:35 +0000"
    },
    "done": true
  },
  "mca:root": {
    "criteria": {
      "village_plains": "2024-11-24 16:21:42 +0000"
    },
    "done": true
  },
  "minecraft:adventure/adventuring_time": {
    "criteria": {
      "minecraft:cherry_grove": "2024-11-24 16:25:14 +0000",
      "minecraft:sparse_jungle": "2024-11-24 21:24:50 +0000",
      "minecraft:river": "2024-11-24 16:22:09 +0000",
      "minecraft:forest": "2024-11-24 16:25:41 +0000",
      "minecraft:savanna": "2024-11-24 16:25:26 +0000",
      "minecraft:plains": "2024-11-24 16:25:19 +0000"
    },
    "done": false
  },
  "mca:recipes/misc/bouquet": {
    "criteria": {
      "has_item": "2024-11-24 16:22:31 +0000"
    },
    "done": true
  },
  "biomesoplenty:recipes/misc/purple_dye_from_lavender": {
    "criteria": {
      "has_flower": "2024-11-24 16:22:31 +0000"
    },
    "done": true
  },
  "biomesoplenty:recipes/misc/purple_dye_from_tall_lavender": {
    "criteria": {
      "has_flower": "2024-11-24 16:22:43 +0000"
    },
    "done": true
  },
  "minecraft:recipes/food/cooked_chicken_from_campfire_cooking": {
    "criteria": {
      "has_chicken": "2024-11-24 21:23:50 +0000"
    },
    "done": true
  },
  "minecraft:recipes/food/cooked_chicken": {
    "criteria": {
      "has_chicken": "2024-11-24 21:23:50 +0000"
    },
    "done": true
  },
  "minecraft:recipes/combat/arrow": {
    "criteria": {
      "has_feather": "2024-11-24 21:23:50 +0000"
    },
    "done": true
  },
  "biomesoplenty:recipes/misc/orange_dye_from_orange_cosmos": {
    "criteria": {
      "has_flower": "2024-11-24 21:25:14 +0000"
    },
    "done": true
  },
  "minecraft:recipes/food/cooked_chicken_from_smoking": {
    "criteria": {
      "has_chicken": "2024-11-24 21:23:50 +0000"
    },
    "done": true
  },
  "DataVersion": 3465
}