{
  "minecraft:recipes/decorations/crafting_table": {
    "criteria": {
      "unlock_right_away": "2024-08-03 15:11:46 +0000"
    },
    "done": true
  },
  "minecraft:adventure/root": {
    "criteria": {
      "killed_by_something": "2024-08-03 15:12:50 +0000"
    },
    "done": true
  },
  "betterdungeons:root": {
    "criteria": {
      "always": "2024-08-03 15:11:46 +0000"
    },
    "done": true
  },
  "minecraft:adventure/adventuring_time": {
    "criteria": {
      "minecraft:savanna_plateau": "2024-08-03 15:14:06 +0000",
      "minecraft:beach": "2024-08-03 15:13:39 +0000",
      "minecraft:stony_shore": "2024-08-03 15:13:28 +0000",
      "minecraft:savanna": "2024-08-03 15:13:25 +0000",
      "minecraft:plains": "2024-08-03 15:11:47 +0000"
    },
    "done": false
  },
  "betterdeserttemples:root": {
    "criteria": {
      "always": "2024-08-03 15:11:46 +0000"
    },
    "done": true
  },
  "DataVersion": 3465
}